"","ref","team","fouls"
"1"," ","ATL",0
"2"," ","BKN",0
"3"," ","BOS",22
"4"," ","CHA",20
"5"," ","CHI",0
"6"," ","CLE",0
"7"," ","DAL",0
"8"," ","DEN",0
"9"," ","DET",16
"10"," ","GS",0
"11"," ","HOU",23
"12"," ","IND",0
"13"," ","LAC",0
"14"," ","LAL",0
"15"," ","MEM",0
"16"," ","MIA",0
"17"," ","MIL",0
"18"," ","MIN",0
"19"," ","NO",0
"20"," ","NY",0
"21"," ","OKC",0
"22"," ","ORL",0
"23"," ","PHI",0
"24"," ","PHO",0
"25"," ","POR",0
"26"," ","SA",0
"27"," ","SAC",0
"28"," ","TOR",0
"29"," ","UTA",0
"30"," ","WAS",0
"31","Aaron Smith","ATL",140
"32","Aaron Smith","BKN",139
"33","Aaron Smith","BOS",226
"34","Aaron Smith","CHA",157
"35","Aaron Smith","CHI",142
"36","Aaron Smith","CLE",152
"37","Aaron Smith","DAL",116
"38","Aaron Smith","DEN",106
"39","Aaron Smith","DET",186
"40","Aaron Smith","GS",162
"41","Aaron Smith","HOU",172
"42","Aaron Smith","IND",154
"43","Aaron Smith","LAC",153
"44","Aaron Smith","LAL",135
"45","Aaron Smith","MEM",127
"46","Aaron Smith","MIA",246
"47","Aaron Smith","MIL",168
"48","Aaron Smith","MIN",167
"49","Aaron Smith","NO",125
"50","Aaron Smith","NY",178
"51","Aaron Smith","OKC",54
"52","Aaron Smith","ORL",123
"53","Aaron Smith","PHI",200
"54","Aaron Smith","PHO",205
"55","Aaron Smith","POR",152
"56","Aaron Smith","SA",110
"57","Aaron Smith","SAC",137
"58","Aaron Smith","TOR",175
"59","Aaron Smith","UTA",134
"60","Aaron Smith","WAS",189
"61","Ben Taylor","ATL",287
"62","Ben Taylor","BKN",473
"63","Ben Taylor","BOS",503
"64","Ben Taylor","CHA",302
"65","Ben Taylor","CHI",262
"66","Ben Taylor","CLE",414
"67","Ben Taylor","DAL",375
"68","Ben Taylor","DEN",522
"69","Ben Taylor","DET",468
"70","Ben Taylor","GS",470
"71","Ben Taylor","HOU",380
"72","Ben Taylor","IND",393
"73","Ben Taylor","LAC",272
"74","Ben Taylor","LAL",217
"75","Ben Taylor","MEM",358
"76","Ben Taylor","MIA",276
"77","Ben Taylor","MIL",525
"78","Ben Taylor","MIN",314
"79","Ben Taylor","NO",392
"80","Ben Taylor","NY",386
"81","Ben Taylor","OKC",351
"82","Ben Taylor","ORL",500
"83","Ben Taylor","PHI",443
"84","Ben Taylor","PHO",497
"85","Ben Taylor","POR",353
"86","Ben Taylor","SA",308
"87","Ben Taylor","SAC",343
"88","Ben Taylor","TOR",415
"89","Ben Taylor","UTA",267
"90","Ben Taylor","WAS",323
"91","Bennett Salvatore","ATL",129
"92","Bennett Salvatore","BKN",241
"93","Bennett Salvatore","BOS",201
"94","Bennett Salvatore","CHA",148
"95","Bennett Salvatore","CHI",94
"96","Bennett Salvatore","CLE",212
"97","Bennett Salvatore","DAL",228
"98","Bennett Salvatore","DEN",168
"99","Bennett Salvatore","DET",253
"100","Bennett Salvatore","GS",200
"101","Bennett Salvatore","HOU",129
"102","Bennett Salvatore","IND",192
"103","Bennett Salvatore","LAC",285
"104","Bennett Salvatore","LAL",218
"105","Bennett Salvatore","MEM",179
"106","Bennett Salvatore","MIA",220
"107","Bennett Salvatore","MIL",248
"108","Bennett Salvatore","MIN",222
"109","Bennett Salvatore","NO",136
"110","Bennett Salvatore","NY",240
"111","Bennett Salvatore","OKC",138
"112","Bennett Salvatore","ORL",236
"113","Bennett Salvatore","PHI",272
"114","Bennett Salvatore","PHO",112
"115","Bennett Salvatore","POR",245
"116","Bennett Salvatore","SA",255
"117","Bennett Salvatore","SAC",246
"118","Bennett Salvatore","TOR",279
"119","Bennett Salvatore","UTA",186
"120","Bennett Salvatore","WAS",219
"121","Bennie Adams","ATL",410
"122","Bennie Adams","BKN",400
"123","Bennie Adams","BOS",432
"124","Bennie Adams","CHA",441
"125","Bennie Adams","CHI",289
"126","Bennie Adams","CLE",311
"127","Bennie Adams","DAL",488
"128","Bennie Adams","DEN",586
"129","Bennie Adams","DET",306
"130","Bennie Adams","GS",605
"131","Bennie Adams","HOU",401
"132","Bennie Adams","IND",454
"133","Bennie Adams","LAC",739
"134","Bennie Adams","LAL",652
"135","Bennie Adams","MEM",463
"136","Bennie Adams","MIA",297
"137","Bennie Adams","MIL",493
"138","Bennie Adams","MIN",299
"139","Bennie Adams","NO",479
"140","Bennie Adams","NY",424
"141","Bennie Adams","OKC",545
"142","Bennie Adams","ORL",403
"143","Bennie Adams","PHI",419
"144","Bennie Adams","PHO",659
"145","Bennie Adams","POR",715
"146","Bennie Adams","SA",345
"147","Bennie Adams","SAC",554
"148","Bennie Adams","TOR",596
"149","Bennie Adams","UTA",510
"150","Bennie Adams","WAS",389
"151","Bill Kennedy","ATL",581
"152","Bill Kennedy","BKN",386
"153","Bill Kennedy","BOS",591
"154","Bill Kennedy","CHA",474
"155","Bill Kennedy","CHI",408
"156","Bill Kennedy","CLE",576
"157","Bill Kennedy","DAL",475
"158","Bill Kennedy","DEN",684
"159","Bill Kennedy","DET",489
"160","Bill Kennedy","GS",612
"161","Bill Kennedy","HOU",608
"162","Bill Kennedy","IND",452
"163","Bill Kennedy","LAC",555
"164","Bill Kennedy","LAL",445
"165","Bill Kennedy","MEM",550
"166","Bill Kennedy","MIA",404
"167","Bill Kennedy","MIL",498
"168","Bill Kennedy","MIN",595
"169","Bill Kennedy","NO",609
"170","Bill Kennedy","NY",484
"171","Bill Kennedy","OKC",434
"172","Bill Kennedy","ORL",441
"173","Bill Kennedy","PHI",566
"174","Bill Kennedy","PHO",600
"175","Bill Kennedy","POR",670
"176","Bill Kennedy","SA",452
"177","Bill Kennedy","SAC",598
"178","Bill Kennedy","TOR",535
"179","Bill Kennedy","UTA",538
"180","Bill Kennedy","WAS",575
"181","Bill Spooner","ATL",381
"182","Bill Spooner","BKN",272
"183","Bill Spooner","BOS",462
"184","Bill Spooner","CHA",368
"185","Bill Spooner","CHI",459
"186","Bill Spooner","CLE",313
"187","Bill Spooner","DAL",362
"188","Bill Spooner","DEN",469
"189","Bill Spooner","DET",492
"190","Bill Spooner","GS",407
"191","Bill Spooner","HOU",370
"192","Bill Spooner","IND",439
"193","Bill Spooner","LAC",461
"194","Bill Spooner","LAL",554
"195","Bill Spooner","MEM",367
"196","Bill Spooner","MIA",245
"197","Bill Spooner","MIL",428
"198","Bill Spooner","MIN",371
"199","Bill Spooner","NO",361
"200","Bill Spooner","NY",325
"201","Bill Spooner","OKC",377
"202","Bill Spooner","ORL",373
"203","Bill Spooner","PHI",507
"204","Bill Spooner","PHO",395
"205","Bill Spooner","POR",648
"206","Bill Spooner","SA",373
"207","Bill Spooner","SAC",535
"208","Bill Spooner","TOR",455
"209","Bill Spooner","UTA",416
"210","Bill Spooner","WAS",432
"211","Brandon Adair","ATL",0
"212","Brandon Adair","BKN",0
"213","Brandon Adair","BOS",22
"214","Brandon Adair","CHA",16
"215","Brandon Adair","CHI",19
"216","Brandon Adair","CLE",0
"217","Brandon Adair","DAL",22
"218","Brandon Adair","DEN",23
"219","Brandon Adair","DET",0
"220","Brandon Adair","GS",0
"221","Brandon Adair","HOU",0
"222","Brandon Adair","IND",21
"223","Brandon Adair","LAC",0
"224","Brandon Adair","LAL",0
"225","Brandon Adair","MEM",0
"226","Brandon Adair","MIA",59
"227","Brandon Adair","MIL",24
"228","Brandon Adair","MIN",16
"229","Brandon Adair","NO",18
"230","Brandon Adair","NY",0
"231","Brandon Adair","OKC",0
"232","Brandon Adair","ORL",0
"233","Brandon Adair","PHI",0
"234","Brandon Adair","PHO",0
"235","Brandon Adair","POR",0
"236","Brandon Adair","SA",0
"237","Brandon Adair","SAC",0
"238","Brandon Adair","TOR",0
"239","Brandon Adair","UTA",0
"240","Brandon Adair","WAS",0
"241","Brenda Pantoja","ATL",43
"242","Brenda Pantoja","BKN",0
"243","Brenda Pantoja","BOS",0
"244","Brenda Pantoja","CHA",11
"245","Brenda Pantoja","CHI",0
"246","Brenda Pantoja","CLE",16
"247","Brenda Pantoja","DAL",0
"248","Brenda Pantoja","DEN",18
"249","Brenda Pantoja","DET",0
"250","Brenda Pantoja","GS",74
"251","Brenda Pantoja","HOU",0
"252","Brenda Pantoja","IND",0
"253","Brenda Pantoja","LAC",0
"254","Brenda Pantoja","LAL",0
"255","Brenda Pantoja","MEM",0
"256","Brenda Pantoja","MIA",0
"257","Brenda Pantoja","MIL",0
"258","Brenda Pantoja","MIN",19
"259","Brenda Pantoja","NO",0
"260","Brenda Pantoja","NY",0
"261","Brenda Pantoja","OKC",21
"262","Brenda Pantoja","ORL",19
"263","Brenda Pantoja","PHI",0
"264","Brenda Pantoja","PHO",22
"265","Brenda Pantoja","POR",25
"266","Brenda Pantoja","SA",0
"267","Brenda Pantoja","SAC",25
"268","Brenda Pantoja","TOR",0
"269","Brenda Pantoja","UTA",0
"270","Brenda Pantoja","WAS",0
"271","Brent Barnaky","ATL",449
"272","Brent Barnaky","BKN",604
"273","Brent Barnaky","BOS",481
"274","Brent Barnaky","CHA",446
"275","Brent Barnaky","CHI",575
"276","Brent Barnaky","CLE",540
"277","Brent Barnaky","DAL",338
"278","Brent Barnaky","DEN",428
"279","Brent Barnaky","DET",448
"280","Brent Barnaky","GS",446
"281","Brent Barnaky","HOU",450
"282","Brent Barnaky","IND",471
"283","Brent Barnaky","LAC",530
"284","Brent Barnaky","LAL",488
"285","Brent Barnaky","MEM",544
"286","Brent Barnaky","MIA",529
"287","Brent Barnaky","MIL",438
"288","Brent Barnaky","MIN",466
"289","Brent Barnaky","NO",507
"290","Brent Barnaky","NY",410
"291","Brent Barnaky","OKC",554
"292","Brent Barnaky","ORL",547
"293","Brent Barnaky","PHI",501
"294","Brent Barnaky","PHO",502
"295","Brent Barnaky","POR",468
"296","Brent Barnaky","SA",467
"297","Brent Barnaky","SAC",308
"298","Brent Barnaky","TOR",538
"299","Brent Barnaky","UTA",448
"300","Brent Barnaky","WAS",455
"301","Brett Nansel","ATL",95
"302","Brett Nansel","BKN",81
"303","Brett Nansel","BOS",36
"304","Brett Nansel","CHA",171
"305","Brett Nansel","CHI",178
"306","Brett Nansel","CLE",65
"307","Brett Nansel","DAL",41
"308","Brett Nansel","DEN",181
"309","Brett Nansel","DET",131
"310","Brett Nansel","GS",90
"311","Brett Nansel","HOU",170
"312","Brett Nansel","IND",181
"313","Brett Nansel","LAC",153
"314","Brett Nansel","LAL",219
"315","Brett Nansel","MEM",146
"316","Brett Nansel","MIA",66
"317","Brett Nansel","MIL",113
"318","Brett Nansel","MIN",170
"319","Brett Nansel","NO",149
"320","Brett Nansel","NY",186
"321","Brett Nansel","OKC",98
"322","Brett Nansel","ORL",142
"323","Brett Nansel","PHI",156
"324","Brett Nansel","PHO",270
"325","Brett Nansel","POR",116
"326","Brett Nansel","SA",87
"327","Brett Nansel","SAC",184
"328","Brett Nansel","TOR",136
"329","Brett Nansel","UTA",151
"330","Brett Nansel","WAS",59
"331","Brian Forte","ATL",424
"332","Brian Forte","BKN",536
"333","Brian Forte","BOS",548
"334","Brian Forte","CHA",311
"335","Brian Forte","CHI",452
"336","Brian Forte","CLE",645
"337","Brian Forte","DAL",577
"338","Brian Forte","DEN",525
"339","Brian Forte","DET",561
"340","Brian Forte","GS",497
"341","Brian Forte","HOU",531
"342","Brian Forte","IND",368
"343","Brian Forte","LAC",638
"344","Brian Forte","LAL",404
"345","Brian Forte","MEM",627
"346","Brian Forte","MIA",545
"347","Brian Forte","MIL",427
"348","Brian Forte","MIN",403
"349","Brian Forte","NO",568
"350","Brian Forte","NY",503
"351","Brian Forte","OKC",681
"352","Brian Forte","ORL",553
"353","Brian Forte","PHI",542
"354","Brian Forte","PHO",507
"355","Brian Forte","POR",499
"356","Brian Forte","SA",452
"357","Brian Forte","SAC",484
"358","Brian Forte","TOR",609
"359","Brian Forte","UTA",377
"360","Brian Forte","WAS",652
"361","C.J. Washington","ATL",190
"362","C.J. Washington","BKN",161
"363","C.J. Washington","BOS",60
"364","C.J. Washington","CHA",103
"365","C.J. Washington","CHI",134
"366","C.J. Washington","CLE",115
"367","C.J. Washington","DAL",179
"368","C.J. Washington","DEN",82
"369","C.J. Washington","DET",121
"370","C.J. Washington","GS",135
"371","C.J. Washington","HOU",104
"372","C.J. Washington","IND",159
"373","C.J. Washington","LAC",102
"374","C.J. Washington","LAL",93
"375","C.J. Washington","MEM",176
"376","C.J. Washington","MIA",248
"377","C.J. Washington","MIL",148
"378","C.J. Washington","MIN",156
"379","C.J. Washington","NO",139
"380","C.J. Washington","NY",35
"381","C.J. Washington","OKC",114
"382","C.J. Washington","ORL",246
"383","C.J. Washington","PHI",135
"384","C.J. Washington","PHO",166
"385","C.J. Washington","POR",95
"386","C.J. Washington","SA",65
"387","C.J. Washington","SAC",68
"388","C.J. Washington","TOR",87
"389","C.J. Washington","UTA",170
"390","C.J. Washington","WAS",183
"391","Courtney Kirkland","ATL",475
"392","Courtney Kirkland","BKN",525
"393","Courtney Kirkland","BOS",597
"394","Courtney Kirkland","CHA",394
"395","Courtney Kirkland","CHI",578
"396","Courtney Kirkland","CLE",547
"397","Courtney Kirkland","DAL",477
"398","Courtney Kirkland","DEN",533
"399","Courtney Kirkland","DET",465
"400","Courtney Kirkland","GS",564
"401","Courtney Kirkland","HOU",636
"402","Courtney Kirkland","IND",484
"403","Courtney Kirkland","LAC",468
"404","Courtney Kirkland","LAL",597
"405","Courtney Kirkland","MEM",582
"406","Courtney Kirkland","MIA",326
"407","Courtney Kirkland","MIL",405
"408","Courtney Kirkland","MIN",569
"409","Courtney Kirkland","NO",371
"410","Courtney Kirkland","NY",579
"411","Courtney Kirkland","OKC",491
"412","Courtney Kirkland","ORL",295
"413","Courtney Kirkland","PHI",577
"414","Courtney Kirkland","PHO",539
"415","Courtney Kirkland","POR",522
"416","Courtney Kirkland","SA",506
"417","Courtney Kirkland","SAC",478
"418","Courtney Kirkland","TOR",512
"419","Courtney Kirkland","UTA",446
"420","Courtney Kirkland","WAS",475
"421","Curtis Blair","ATL",365
"422","Curtis Blair","BKN",470
"423","Curtis Blair","BOS",494
"424","Curtis Blair","CHA",501
"425","Curtis Blair","CHI",366
"426","Curtis Blair","CLE",446
"427","Curtis Blair","DAL",384
"428","Curtis Blair","DEN",395
"429","Curtis Blair","DET",465
"430","Curtis Blair","GS",370
"431","Curtis Blair","HOU",516
"432","Curtis Blair","IND",440
"433","Curtis Blair","LAC",366
"434","Curtis Blair","LAL",493
"435","Curtis Blair","MEM",452
"436","Curtis Blair","MIA",481
"437","Curtis Blair","MIL",501
"438","Curtis Blair","MIN",402
"439","Curtis Blair","NO",547
"440","Curtis Blair","NY",529
"441","Curtis Blair","OKC",370
"442","Curtis Blair","ORL",544
"443","Curtis Blair","PHI",467
"444","Curtis Blair","PHO",485
"445","Curtis Blair","POR",338
"446","Curtis Blair","SA",489
"447","Curtis Blair","SAC",423
"448","Curtis Blair","TOR",545
"449","Curtis Blair","UTA",330
"450","Curtis Blair","WAS",411
"451","Dan Crawford","ATL",306
"452","Dan Crawford","BKN",365
"453","Dan Crawford","BOS",279
"454","Dan Crawford","CHA",282
"455","Dan Crawford","CHI",436
"456","Dan Crawford","CLE",488
"457","Dan Crawford","DAL",431
"458","Dan Crawford","DEN",440
"459","Dan Crawford","DET",407
"460","Dan Crawford","GS",476
"461","Dan Crawford","HOU",536
"462","Dan Crawford","IND",375
"463","Dan Crawford","LAC",529
"464","Dan Crawford","LAL",453
"465","Dan Crawford","MEM",479
"466","Dan Crawford","MIA",437
"467","Dan Crawford","MIL",499
"468","Dan Crawford","MIN",419
"469","Dan Crawford","NO",358
"470","Dan Crawford","NY",445
"471","Dan Crawford","OKC",547
"472","Dan Crawford","ORL",313
"473","Dan Crawford","PHI",315
"474","Dan Crawford","PHO",462
"475","Dan Crawford","POR",453
"476","Dan Crawford","SA",472
"477","Dan Crawford","SAC",439
"478","Dan Crawford","TOR",296
"479","Dan Crawford","UTA",338
"480","Dan Crawford","WAS",341
"481","David Guthrie","ATL",332
"482","David Guthrie","BKN",545
"483","David Guthrie","BOS",507
"484","David Guthrie","CHA",445
"485","David Guthrie","CHI",420
"486","David Guthrie","CLE",492
"487","David Guthrie","DAL",631
"488","David Guthrie","DEN",285
"489","David Guthrie","DET",460
"490","David Guthrie","GS",535
"491","David Guthrie","HOU",491
"492","David Guthrie","IND",467
"493","David Guthrie","LAC",533
"494","David Guthrie","LAL",485
"495","David Guthrie","MEM",392
"496","David Guthrie","MIA",660
"497","David Guthrie","MIL",417
"498","David Guthrie","MIN",544
"499","David Guthrie","NO",571
"500","David Guthrie","NY",562
"501","David Guthrie","OKC",566
"502","David Guthrie","ORL",386
"503","David Guthrie","PHI",290
"504","David Guthrie","PHO",488
"505","David Guthrie","POR",473
"506","David Guthrie","SA",418
"507","David Guthrie","SAC",630
"508","David Guthrie","TOR",673
"509","David Guthrie","UTA",471
"510","David Guthrie","WAS",409
"511","David Jones","ATL",259
"512","David Jones","BKN",331
"513","David Jones","BOS",416
"514","David Jones","CHA",339
"515","David Jones","CHI",321
"516","David Jones","CLE",260
"517","David Jones","DAL",209
"518","David Jones","DEN",306
"519","David Jones","DET",369
"520","David Jones","GS",197
"521","David Jones","HOU",366
"522","David Jones","IND",243
"523","David Jones","LAC",275
"524","David Jones","LAL",238
"525","David Jones","MEM",206
"526","David Jones","MIA",361
"527","David Jones","MIL",337
"528","David Jones","MIN",286
"529","David Jones","NO",377
"530","David Jones","NY",410
"531","David Jones","OKC",445
"532","David Jones","ORL",424
"533","David Jones","PHI",292
"534","David Jones","PHO",237
"535","David Jones","POR",224
"536","David Jones","SA",182
"537","David Jones","SAC",248
"538","David Jones","TOR",283
"539","David Jones","UTA",358
"540","David Jones","WAS",226
"541","Dedric Taylor","ATL",252
"542","Dedric Taylor","BKN",277
"543","Dedric Taylor","BOS",258
"544","Dedric Taylor","CHA",212
"545","Dedric Taylor","CHI",260
"546","Dedric Taylor","CLE",300
"547","Dedric Taylor","DAL",259
"548","Dedric Taylor","DEN",318
"549","Dedric Taylor","DET",238
"550","Dedric Taylor","GS",259
"551","Dedric Taylor","HOU",302
"552","Dedric Taylor","IND",204
"553","Dedric Taylor","LAC",269
"554","Dedric Taylor","LAL",336
"555","Dedric Taylor","MEM",359
"556","Dedric Taylor","MIA",369
"557","Dedric Taylor","MIL",279
"558","Dedric Taylor","MIN",320
"559","Dedric Taylor","NO",269
"560","Dedric Taylor","NY",418
"561","Dedric Taylor","OKC",317
"562","Dedric Taylor","ORL",493
"563","Dedric Taylor","PHI",411
"564","Dedric Taylor","PHO",253
"565","Dedric Taylor","POR",309
"566","Dedric Taylor","SA",247
"567","Dedric Taylor","SAC",268
"568","Dedric Taylor","TOR",440
"569","Dedric Taylor","UTA",258
"570","Dedric Taylor","WAS",355
"571","Derek Richardson","ATL",349
"572","Derek Richardson","BKN",339
"573","Derek Richardson","BOS",383
"574","Derek Richardson","CHA",305
"575","Derek Richardson","CHI",358
"576","Derek Richardson","CLE",299
"577","Derek Richardson","DAL",412
"578","Derek Richardson","DEN",516
"579","Derek Richardson","DET",397
"580","Derek Richardson","GS",454
"581","Derek Richardson","HOU",407
"582","Derek Richardson","IND",380
"583","Derek Richardson","LAC",632
"584","Derek Richardson","LAL",473
"585","Derek Richardson","MEM",380
"586","Derek Richardson","MIA",298
"587","Derek Richardson","MIL",388
"588","Derek Richardson","MIN",328
"589","Derek Richardson","NO",484
"590","Derek Richardson","NY",423
"591","Derek Richardson","OKC",506
"592","Derek Richardson","ORL",313
"593","Derek Richardson","PHI",442
"594","Derek Richardson","PHO",478
"595","Derek Richardson","POR",487
"596","Derek Richardson","SA",388
"597","Derek Richardson","SAC",466
"598","Derek Richardson","TOR",597
"599","Derek Richardson","UTA",288
"600","Derek Richardson","WAS",429
"601","Derrick Collins","ATL",538
"602","Derrick Collins","BKN",482
"603","Derrick Collins","BOS",531
"604","Derrick Collins","CHA",447
"605","Derrick Collins","CHI",363
"606","Derrick Collins","CLE",564
"607","Derrick Collins","DAL",627
"608","Derrick Collins","DEN",555
"609","Derrick Collins","DET",479
"610","Derrick Collins","GS",629
"611","Derrick Collins","HOU",620
"612","Derrick Collins","IND",491
"613","Derrick Collins","LAC",477
"614","Derrick Collins","LAL",406
"615","Derrick Collins","MEM",547
"616","Derrick Collins","MIA",482
"617","Derrick Collins","MIL",505
"618","Derrick Collins","MIN",575
"619","Derrick Collins","NO",575
"620","Derrick Collins","NY",706
"621","Derrick Collins","OKC",705
"622","Derrick Collins","ORL",474
"623","Derrick Collins","PHI",487
"624","Derrick Collins","PHO",556
"625","Derrick Collins","POR",554
"626","Derrick Collins","SA",559
"627","Derrick Collins","SAC",484
"628","Derrick Collins","TOR",433
"629","Derrick Collins","UTA",510
"630","Derrick Collins","WAS",349
"631","Derrick Stafford","ATL",341
"632","Derrick Stafford","BKN",490
"633","Derrick Stafford","BOS",473
"634","Derrick Stafford","CHA",406
"635","Derrick Stafford","CHI",399
"636","Derrick Stafford","CLE",434
"637","Derrick Stafford","DAL",386
"638","Derrick Stafford","DEN",364
"639","Derrick Stafford","DET",519
"640","Derrick Stafford","GS",371
"641","Derrick Stafford","HOU",542
"642","Derrick Stafford","IND",532
"643","Derrick Stafford","LAC",353
"644","Derrick Stafford","LAL",469
"645","Derrick Stafford","MEM",386
"646","Derrick Stafford","MIA",363
"647","Derrick Stafford","MIL",447
"648","Derrick Stafford","MIN",429
"649","Derrick Stafford","NO",334
"650","Derrick Stafford","NY",486
"651","Derrick Stafford","OKC",601
"652","Derrick Stafford","ORL",453
"653","Derrick Stafford","PHI",536
"654","Derrick Stafford","PHO",508
"655","Derrick Stafford","POR",337
"656","Derrick Stafford","SA",373
"657","Derrick Stafford","SAC",433
"658","Derrick Stafford","TOR",526
"659","Derrick Stafford","UTA",474
"660","Derrick Stafford","WAS",586
"661","Dick Bavetta","ATL",140
"662","Dick Bavetta","BKN",176
"663","Dick Bavetta","BOS",217
"664","Dick Bavetta","CHA",199
"665","Dick Bavetta","CHI",84
"666","Dick Bavetta","CLE",244
"667","Dick Bavetta","DAL",80
"668","Dick Bavetta","DEN",75
"669","Dick Bavetta","DET",153
"670","Dick Bavetta","GS",107
"671","Dick Bavetta","HOU",178
"672","Dick Bavetta","IND",149
"673","Dick Bavetta","LAC",106
"674","Dick Bavetta","LAL",62
"675","Dick Bavetta","MEM",134
"676","Dick Bavetta","MIA",74
"677","Dick Bavetta","MIL",136
"678","Dick Bavetta","MIN",97
"679","Dick Bavetta","NO",137
"680","Dick Bavetta","NY",231
"681","Dick Bavetta","OKC",98
"682","Dick Bavetta","ORL",229
"683","Dick Bavetta","PHI",152
"684","Dick Bavetta","PHO",160
"685","Dick Bavetta","POR",109
"686","Dick Bavetta","SA",84
"687","Dick Bavetta","SAC",127
"688","Dick Bavetta","TOR",149
"689","Dick Bavetta","UTA",164
"690","Dick Bavetta","WAS",135
"691","Ed Malloy","ATL",469
"692","Ed Malloy","BKN",477
"693","Ed Malloy","BOS",490
"694","Ed Malloy","CHA",301
"695","Ed Malloy","CHI",456
"696","Ed Malloy","CLE",504
"697","Ed Malloy","DAL",512
"698","Ed Malloy","DEN",635
"699","Ed Malloy","DET",452
"700","Ed Malloy","GS",559
"701","Ed Malloy","HOU",491
"702","Ed Malloy","IND",417
"703","Ed Malloy","LAC",476
"704","Ed Malloy","LAL",463
"705","Ed Malloy","MEM",542
"706","Ed Malloy","MIA",512
"707","Ed Malloy","MIL",619
"708","Ed Malloy","MIN",529
"709","Ed Malloy","NO",360
"710","Ed Malloy","NY",540
"711","Ed Malloy","OKC",569
"712","Ed Malloy","ORL",318
"713","Ed Malloy","PHI",595
"714","Ed Malloy","PHO",415
"715","Ed Malloy","POR",415
"716","Ed Malloy","SA",460
"717","Ed Malloy","SAC",439
"718","Ed Malloy","TOR",541
"719","Ed Malloy","UTA",602
"720","Ed Malloy","WAS",364
"721","Eddie Rush","ATL",31
"722","Eddie Rush","BKN",88
"723","Eddie Rush","BOS",44
"724","Eddie Rush","CHA",118
"725","Eddie Rush","CHI",80
"726","Eddie Rush","CLE",45
"727","Eddie Rush","DAL",81
"728","Eddie Rush","DEN",35
"729","Eddie Rush","DET",85
"730","Eddie Rush","GS",19
"731","Eddie Rush","HOU",45
"732","Eddie Rush","IND",63
"733","Eddie Rush","LAC",0
"734","Eddie Rush","LAL",0
"735","Eddie Rush","MEM",84
"736","Eddie Rush","MIA",17
"737","Eddie Rush","MIL",83
"738","Eddie Rush","MIN",74
"739","Eddie Rush","NO",73
"740","Eddie Rush","NY",15
"741","Eddie Rush","OKC",35
"742","Eddie Rush","ORL",69
"743","Eddie Rush","PHI",88
"744","Eddie Rush","PHO",46
"745","Eddie Rush","POR",38
"746","Eddie Rush","SA",57
"747","Eddie Rush","SAC",15
"748","Eddie Rush","TOR",44
"749","Eddie Rush","UTA",24
"750","Eddie Rush","WAS",86
"751","Eli Roe","ATL",269
"752","Eli Roe","BKN",238
"753","Eli Roe","BOS",357
"754","Eli Roe","CHA",325
"755","Eli Roe","CHI",406
"756","Eli Roe","CLE",252
"757","Eli Roe","DAL",290
"758","Eli Roe","DEN",265
"759","Eli Roe","DET",334
"760","Eli Roe","GS",244
"761","Eli Roe","HOU",337
"762","Eli Roe","IND",291
"763","Eli Roe","LAC",337
"764","Eli Roe","LAL",257
"765","Eli Roe","MEM",209
"766","Eli Roe","MIA",247
"767","Eli Roe","MIL",288
"768","Eli Roe","MIN",285
"769","Eli Roe","NO",315
"770","Eli Roe","NY",244
"771","Eli Roe","OKC",336
"772","Eli Roe","ORL",295
"773","Eli Roe","PHI",248
"774","Eli Roe","PHO",362
"775","Eli Roe","POR",308
"776","Eli Roe","SA",270
"777","Eli Roe","SAC",335
"778","Eli Roe","TOR",336
"779","Eli Roe","UTA",318
"780","Eli Roe","WAS",330
"781","Eric Dalen","ATL",331
"782","Eric Dalen","BKN",332
"783","Eric Dalen","BOS",533
"784","Eric Dalen","CHA",413
"785","Eric Dalen","CHI",371
"786","Eric Dalen","CLE",398
"787","Eric Dalen","DAL",381
"788","Eric Dalen","DEN",244
"789","Eric Dalen","DET",443
"790","Eric Dalen","GS",359
"791","Eric Dalen","HOU",363
"792","Eric Dalen","IND",321
"793","Eric Dalen","LAC",338
"794","Eric Dalen","LAL",433
"795","Eric Dalen","MEM",320
"796","Eric Dalen","MIA",380
"797","Eric Dalen","MIL",458
"798","Eric Dalen","MIN",404
"799","Eric Dalen","NO",275
"800","Eric Dalen","NY",404
"801","Eric Dalen","OKC",476
"802","Eric Dalen","ORL",378
"803","Eric Dalen","PHI",313
"804","Eric Dalen","PHO",400
"805","Eric Dalen","POR",333
"806","Eric Dalen","SA",401
"807","Eric Dalen","SAC",306
"808","Eric Dalen","TOR",401
"809","Eric Dalen","UTA",359
"810","Eric Dalen","WAS",439
"811","Eric Lewis","ATL",483
"812","Eric Lewis","BKN",710
"813","Eric Lewis","BOS",546
"814","Eric Lewis","CHA",469
"815","Eric Lewis","CHI",495
"816","Eric Lewis","CLE",636
"817","Eric Lewis","DAL",575
"818","Eric Lewis","DEN",649
"819","Eric Lewis","DET",409
"820","Eric Lewis","GS",589
"821","Eric Lewis","HOU",561
"822","Eric Lewis","IND",474
"823","Eric Lewis","LAC",546
"824","Eric Lewis","LAL",451
"825","Eric Lewis","MEM",491
"826","Eric Lewis","MIA",560
"827","Eric Lewis","MIL",438
"828","Eric Lewis","MIN",426
"829","Eric Lewis","NO",425
"830","Eric Lewis","NY",507
"831","Eric Lewis","OKC",664
"832","Eric Lewis","ORL",567
"833","Eric Lewis","PHI",570
"834","Eric Lewis","PHO",488
"835","Eric Lewis","POR",572
"836","Eric Lewis","SA",523
"837","Eric Lewis","SAC",527
"838","Eric Lewis","TOR",624
"839","Eric Lewis","UTA",547
"840","Eric Lewis","WAS",528
"841","Gary Zielinski","ATL",532
"842","Gary Zielinski","BKN",388
"843","Gary Zielinski","BOS",393
"844","Gary Zielinski","CHA",389
"845","Gary Zielinski","CHI",414
"846","Gary Zielinski","CLE",385
"847","Gary Zielinski","DAL",497
"848","Gary Zielinski","DEN",656
"849","Gary Zielinski","DET",386
"850","Gary Zielinski","GS",695
"851","Gary Zielinski","HOU",471
"852","Gary Zielinski","IND",513
"853","Gary Zielinski","LAC",648
"854","Gary Zielinski","LAL",606
"855","Gary Zielinski","MEM",462
"856","Gary Zielinski","MIA",442
"857","Gary Zielinski","MIL",511
"858","Gary Zielinski","MIN",522
"859","Gary Zielinski","NO",522
"860","Gary Zielinski","NY",413
"861","Gary Zielinski","OKC",553
"862","Gary Zielinski","ORL",436
"863","Gary Zielinski","PHI",493
"864","Gary Zielinski","PHO",622
"865","Gary Zielinski","POR",644
"866","Gary Zielinski","SA",585
"867","Gary Zielinski","SAC",488
"868","Gary Zielinski","TOR",445
"869","Gary Zielinski","UTA",599
"870","Gary Zielinski","WAS",511
"871","Gediminas Petraitis","ATL",190
"872","Gediminas Petraitis","BKN",194
"873","Gediminas Petraitis","BOS",230
"874","Gediminas Petraitis","CHA",105
"875","Gediminas Petraitis","CHI",127
"876","Gediminas Petraitis","CLE",238
"877","Gediminas Petraitis","DAL",236
"878","Gediminas Petraitis","DEN",340
"879","Gediminas Petraitis","DET",180
"880","Gediminas Petraitis","GS",205
"881","Gediminas Petraitis","HOU",208
"882","Gediminas Petraitis","IND",300
"883","Gediminas Petraitis","LAC",149
"884","Gediminas Petraitis","LAL",255
"885","Gediminas Petraitis","MEM",194
"886","Gediminas Petraitis","MIA",238
"887","Gediminas Petraitis","MIL",232
"888","Gediminas Petraitis","MIN",349
"889","Gediminas Petraitis","NO",155
"890","Gediminas Petraitis","NY",238
"891","Gediminas Petraitis","OKC",217
"892","Gediminas Petraitis","ORL",264
"893","Gediminas Petraitis","PHI",300
"894","Gediminas Petraitis","PHO",212
"895","Gediminas Petraitis","POR",278
"896","Gediminas Petraitis","SA",179
"897","Gediminas Petraitis","SAC",201
"898","Gediminas Petraitis","TOR",257
"899","Gediminas Petraitis","UTA",200
"900","Gediminas Petraitis","WAS",237
"901","Haywoode Workman","ATL",504
"902","Haywoode Workman","BKN",485
"903","Haywoode Workman","BOS",404
"904","Haywoode Workman","CHA",425
"905","Haywoode Workman","CHI",388
"906","Haywoode Workman","CLE",387
"907","Haywoode Workman","DAL",474
"908","Haywoode Workman","DEN",379
"909","Haywoode Workman","DET",350
"910","Haywoode Workman","GS",354
"911","Haywoode Workman","HOU",565
"912","Haywoode Workman","IND",502
"913","Haywoode Workman","LAC",413
"914","Haywoode Workman","LAL",427
"915","Haywoode Workman","MEM",532
"916","Haywoode Workman","MIA",504
"917","Haywoode Workman","MIL",413
"918","Haywoode Workman","MIN",420
"919","Haywoode Workman","NO",429
"920","Haywoode Workman","NY",450
"921","Haywoode Workman","OKC",474
"922","Haywoode Workman","ORL",466
"923","Haywoode Workman","PHI",477
"924","Haywoode Workman","PHO",429
"925","Haywoode Workman","POR",479
"926","Haywoode Workman","SA",400
"927","Haywoode Workman","SAC",476
"928","Haywoode Workman","TOR",421
"929","Haywoode Workman","UTA",284
"930","Haywoode Workman","WAS",546
"931","J.T. Orr","ATL",488
"932","J.T. Orr","BKN",262
"933","J.T. Orr","BOS",585
"934","J.T. Orr","CHA",398
"935","J.T. Orr","CHI",330
"936","J.T. Orr","CLE",389
"937","J.T. Orr","DAL",270
"938","J.T. Orr","DEN",595
"939","J.T. Orr","DET",461
"940","J.T. Orr","GS",562
"941","J.T. Orr","HOU",339
"942","J.T. Orr","IND",386
"943","J.T. Orr","LAC",460
"944","J.T. Orr","LAL",524
"945","J.T. Orr","MEM",448
"946","J.T. Orr","MIA",332
"947","J.T. Orr","MIL",529
"948","J.T. Orr","MIN",504
"949","J.T. Orr","NO",446
"950","J.T. Orr","NY",424
"951","J.T. Orr","OKC",264
"952","J.T. Orr","ORL",340
"953","J.T. Orr","PHI",586
"954","J.T. Orr","PHO",562
"955","J.T. Orr","POR",590
"956","J.T. Orr","SA",244
"957","J.T. Orr","SAC",650
"958","J.T. Orr","TOR",369
"959","J.T. Orr","UTA",584
"960","J.T. Orr","WAS",374
"961","Jacyn Goble","ATL",155
"962","Jacyn Goble","BKN",215
"963","Jacyn Goble","BOS",161
"964","Jacyn Goble","CHA",118
"965","Jacyn Goble","CHI",113
"966","Jacyn Goble","CLE",88
"967","Jacyn Goble","DAL",67
"968","Jacyn Goble","DEN",147
"969","Jacyn Goble","DET",97
"970","Jacyn Goble","GS",100
"971","Jacyn Goble","HOU",48
"972","Jacyn Goble","IND",72
"973","Jacyn Goble","LAC",44
"974","Jacyn Goble","LAL",85
"975","Jacyn Goble","MEM",176
"976","Jacyn Goble","MIA",161
"977","Jacyn Goble","MIL",93
"978","Jacyn Goble","MIN",88
"979","Jacyn Goble","NO",91
"980","Jacyn Goble","NY",122
"981","Jacyn Goble","OKC",138
"982","Jacyn Goble","ORL",108
"983","Jacyn Goble","PHI",198
"984","Jacyn Goble","PHO",144
"985","Jacyn Goble","POR",39
"986","Jacyn Goble","SA",92
"987","Jacyn Goble","SAC",46
"988","Jacyn Goble","TOR",114
"989","Jacyn Goble","UTA",106
"990","Jacyn Goble","WAS",103
"991","James Capers","ATL",372
"992","James Capers","BKN",408
"993","James Capers","BOS",543
"994","James Capers","CHA",432
"995","James Capers","CHI",512
"996","James Capers","CLE",447
"997","James Capers","DAL",470
"998","James Capers","DEN",452
"999","James Capers","DET",465
"1000","James Capers","GS",627
"1001","James Capers","HOU",557
"1002","James Capers","IND",448
"1003","James Capers","LAC",509
"1004","James Capers","LAL",402
"1005","James Capers","MEM",794
"1006","James Capers","MIA",520
"1007","James Capers","MIL",646
"1008","James Capers","MIN",394
"1009","James Capers","NO",426
"1010","James Capers","NY",483
"1011","James Capers","OKC",641
"1012","James Capers","ORL",476
"1013","James Capers","PHI",523
"1014","James Capers","PHO",489
"1015","James Capers","POR",528
"1016","James Capers","SA",506
"1017","James Capers","SAC",462
"1018","James Capers","TOR",535
"1019","James Capers","UTA",575
"1020","James Capers","WAS",499
"1021","James Williams","ATL",554
"1022","James Williams","BKN",494
"1023","James Williams","BOS",532
"1024","James Williams","CHA",533
"1025","James Williams","CHI",486
"1026","James Williams","CLE",551
"1027","James Williams","DAL",432
"1028","James Williams","DEN",349
"1029","James Williams","DET",428
"1030","James Williams","GS",542
"1031","James Williams","HOU",515
"1032","James Williams","IND",305
"1033","James Williams","LAC",481
"1034","James Williams","LAL",566
"1035","James Williams","MEM",676
"1036","James Williams","MIA",498
"1037","James Williams","MIL",390
"1038","James Williams","MIN",439
"1039","James Williams","NO",544
"1040","James Williams","NY",404
"1041","James Williams","OKC",506
"1042","James Williams","ORL",609
"1043","James Williams","PHI",408
"1044","James Williams","PHO",502
"1045","James Williams","POR",441
"1046","James Williams","SA",467
"1047","James Williams","SAC",366
"1048","James Williams","TOR",591
"1049","James Williams","UTA",418
"1050","James Williams","WAS",479
"1051","Jason Goldenberg","ATL",85
"1052","Jason Goldenberg","BKN",46
"1053","Jason Goldenberg","BOS",27
"1054","Jason Goldenberg","CHA",82
"1055","Jason Goldenberg","CHI",53
"1056","Jason Goldenberg","CLE",84
"1057","Jason Goldenberg","DAL",37
"1058","Jason Goldenberg","DEN",18
"1059","Jason Goldenberg","DET",111
"1060","Jason Goldenberg","GS",44
"1061","Jason Goldenberg","HOU",57
"1062","Jason Goldenberg","IND",45
"1063","Jason Goldenberg","LAC",35
"1064","Jason Goldenberg","LAL",91
"1065","Jason Goldenberg","MEM",40
"1066","Jason Goldenberg","MIA",35
"1067","Jason Goldenberg","MIL",84
"1068","Jason Goldenberg","MIN",94
"1069","Jason Goldenberg","NO",45
"1070","Jason Goldenberg","NY",38
"1071","Jason Goldenberg","OKC",0
"1072","Jason Goldenberg","ORL",163
"1073","Jason Goldenberg","PHI",95
"1074","Jason Goldenberg","PHO",55
"1075","Jason Goldenberg","POR",29
"1076","Jason Goldenberg","SA",25
"1077","Jason Goldenberg","SAC",56
"1078","Jason Goldenberg","TOR",90
"1079","Jason Goldenberg","UTA",26
"1080","Jason Goldenberg","WAS",43
"1081","Jason Phillips","ATL",393
"1082","Jason Phillips","BKN",424
"1083","Jason Phillips","BOS",359
"1084","Jason Phillips","CHA",354
"1085","Jason Phillips","CHI",440
"1086","Jason Phillips","CLE",518
"1087","Jason Phillips","DAL",338
"1088","Jason Phillips","DEN",255
"1089","Jason Phillips","DET",340
"1090","Jason Phillips","GS",552
"1091","Jason Phillips","HOU",492
"1092","Jason Phillips","IND",434
"1093","Jason Phillips","LAC",492
"1094","Jason Phillips","LAL",550
"1095","Jason Phillips","MEM",434
"1096","Jason Phillips","MIA",357
"1097","Jason Phillips","MIL",468
"1098","Jason Phillips","MIN",341
"1099","Jason Phillips","NO",456
"1100","Jason Phillips","NY",312
"1101","Jason Phillips","OKC",552
"1102","Jason Phillips","ORL",384
"1103","Jason Phillips","PHI",382
"1104","Jason Phillips","PHO",428
"1105","Jason Phillips","POR",358
"1106","Jason Phillips","SA",477
"1107","Jason Phillips","SAC",325
"1108","Jason Phillips","TOR",421
"1109","Jason Phillips","UTA",495
"1110","Jason Phillips","WAS",397
"1111","Joe Crawford","ATL",201
"1112","Joe Crawford","BKN",284
"1113","Joe Crawford","BOS",306
"1114","Joe Crawford","CHA",147
"1115","Joe Crawford","CHI",300
"1116","Joe Crawford","CLE",224
"1117","Joe Crawford","DAL",221
"1118","Joe Crawford","DEN",308
"1119","Joe Crawford","DET",315
"1120","Joe Crawford","GS",209
"1121","Joe Crawford","HOU",296
"1122","Joe Crawford","IND",272
"1123","Joe Crawford","LAC",282
"1124","Joe Crawford","LAL",337
"1125","Joe Crawford","MEM",129
"1126","Joe Crawford","MIA",295
"1127","Joe Crawford","MIL",220
"1128","Joe Crawford","MIN",212
"1129","Joe Crawford","NO",194
"1130","Joe Crawford","NY",378
"1131","Joe Crawford","OKC",340
"1132","Joe Crawford","ORL",276
"1133","Joe Crawford","PHI",233
"1134","Joe Crawford","PHO",246
"1135","Joe Crawford","POR",192
"1136","Joe Crawford","SA",252
"1137","Joe Crawford","SAC",190
"1138","Joe Crawford","TOR",177
"1139","Joe Crawford","UTA",224
"1140","Joe Crawford","WAS",276
"1141","Joe DeRosa","ATL",93
"1142","Joe DeRosa","BKN",85
"1143","Joe DeRosa","BOS",16
"1144","Joe DeRosa","CHA",38
"1145","Joe DeRosa","CHI",61
"1146","Joe DeRosa","CLE",14
"1147","Joe DeRosa","DAL",14
"1148","Joe DeRosa","DEN",27
"1149","Joe DeRosa","DET",64
"1150","Joe DeRosa","GS",0
"1151","Joe DeRosa","HOU",0
"1152","Joe DeRosa","IND",81
"1153","Joe DeRosa","LAC",31
"1154","Joe DeRosa","LAL",0
"1155","Joe DeRosa","MEM",77
"1156","Joe DeRosa","MIA",38
"1157","Joe DeRosa","MIL",36
"1158","Joe DeRosa","MIN",49
"1159","Joe DeRosa","NO",30
"1160","Joe DeRosa","NY",57
"1161","Joe DeRosa","OKC",18
"1162","Joe DeRosa","ORL",43
"1163","Joe DeRosa","PHI",37
"1164","Joe DeRosa","PHO",62
"1165","Joe DeRosa","POR",71
"1166","Joe DeRosa","SA",60
"1167","Joe DeRosa","SAC",78
"1168","Joe DeRosa","TOR",56
"1169","Joe DeRosa","UTA",58
"1170","Joe DeRosa","WAS",69
"1171","John Goble","ATL",527
"1172","John Goble","BKN",582
"1173","John Goble","BOS",542
"1174","John Goble","CHA",628
"1175","John Goble","CHI",462
"1176","John Goble","CLE",512
"1177","John Goble","DAL",644
"1178","John Goble","DEN",442
"1179","John Goble","DET",595
"1180","John Goble","GS",612
"1181","John Goble","HOU",640
"1182","John Goble","IND",606
"1183","John Goble","LAC",559
"1184","John Goble","LAL",548
"1185","John Goble","MEM",539
"1186","John Goble","MIA",444
"1187","John Goble","MIL",645
"1188","John Goble","MIN",521
"1189","John Goble","NO",516
"1190","John Goble","NY",470
"1191","John Goble","OKC",667
"1192","John Goble","ORL",521
"1193","John Goble","PHI",568
"1194","John Goble","PHO",503
"1195","John Goble","POR",560
"1196","John Goble","SA",486
"1197","John Goble","SAC",539
"1198","John Goble","TOR",462
"1199","John Goble","UTA",603
"1200","John Goble","WAS",583
"1201","Jonathan Sterling","ATL",97
"1202","Jonathan Sterling","BKN",149
"1203","Jonathan Sterling","BOS",0
"1204","Jonathan Sterling","CHA",0
"1205","Jonathan Sterling","CHI",39
"1206","Jonathan Sterling","CLE",45
"1207","Jonathan Sterling","DAL",62
"1208","Jonathan Sterling","DEN",70
"1209","Jonathan Sterling","DET",39
"1210","Jonathan Sterling","GS",0
"1211","Jonathan Sterling","HOU",0
"1212","Jonathan Sterling","IND",90
"1213","Jonathan Sterling","LAC",50
"1214","Jonathan Sterling","LAL",68
"1215","Jonathan Sterling","MEM",41
"1216","Jonathan Sterling","MIA",24
"1217","Jonathan Sterling","MIL",68
"1218","Jonathan Sterling","MIN",82
"1219","Jonathan Sterling","NO",98
"1220","Jonathan Sterling","NY",67
"1221","Jonathan Sterling","OKC",53
"1222","Jonathan Sterling","ORL",121
"1223","Jonathan Sterling","PHI",53
"1224","Jonathan Sterling","PHO",79
"1225","Jonathan Sterling","POR",11
"1226","Jonathan Sterling","SA",19
"1227","Jonathan Sterling","SAC",0
"1228","Jonathan Sterling","TOR",20
"1229","Jonathan Sterling","UTA",128
"1230","Jonathan Sterling","WAS",90
"1231","Josh Tiven","ATL",580
"1232","Josh Tiven","BKN",493
"1233","Josh Tiven","BOS",506
"1234","Josh Tiven","CHA",454
"1235","Josh Tiven","CHI",490
"1236","Josh Tiven","CLE",535
"1237","Josh Tiven","DAL",549
"1238","Josh Tiven","DEN",526
"1239","Josh Tiven","DET",503
"1240","Josh Tiven","GS",414
"1241","Josh Tiven","HOU",630
"1242","Josh Tiven","IND",612
"1243","Josh Tiven","LAC",548
"1244","Josh Tiven","LAL",562
"1245","Josh Tiven","MEM",472
"1246","Josh Tiven","MIA",647
"1247","Josh Tiven","MIL",466
"1248","Josh Tiven","MIN",526
"1249","Josh Tiven","NO",566
"1250","Josh Tiven","NY",607
"1251","Josh Tiven","OKC",574
"1252","Josh Tiven","ORL",483
"1253","Josh Tiven","PHI",363
"1254","Josh Tiven","PHO",414
"1255","Josh Tiven","POR",437
"1256","Josh Tiven","SA",514
"1257","Josh Tiven","SAC",533
"1258","Josh Tiven","TOR",676
"1259","Josh Tiven","UTA",466
"1260","Josh Tiven","WAS",495
"1261","Justin Van Duyne","ATL",288
"1262","Justin Van Duyne","BKN",357
"1263","Justin Van Duyne","BOS",285
"1264","Justin Van Duyne","CHA",284
"1265","Justin Van Duyne","CHI",354
"1266","Justin Van Duyne","CLE",320
"1267","Justin Van Duyne","DAL",352
"1268","Justin Van Duyne","DEN",373
"1269","Justin Van Duyne","DET",419
"1270","Justin Van Duyne","GS",224
"1271","Justin Van Duyne","HOU",238
"1272","Justin Van Duyne","IND",328
"1273","Justin Van Duyne","LAC",355
"1274","Justin Van Duyne","LAL",315
"1275","Justin Van Duyne","MEM",343
"1276","Justin Van Duyne","MIA",248
"1277","Justin Van Duyne","MIL",342
"1278","Justin Van Duyne","MIN",335
"1279","Justin Van Duyne","NO",290
"1280","Justin Van Duyne","NY",244
"1281","Justin Van Duyne","OKC",391
"1282","Justin Van Duyne","ORL",276
"1283","Justin Van Duyne","PHI",352
"1284","Justin Van Duyne","PHO",520
"1285","Justin Van Duyne","POR",261
"1286","Justin Van Duyne","SA",233
"1287","Justin Van Duyne","SAC",450
"1288","Justin Van Duyne","TOR",191
"1289","Justin Van Duyne","UTA",409
"1290","Justin Van Duyne","WAS",388
"1291","Kane Fitzgerald","ATL",513
"1292","Kane Fitzgerald","BKN",622
"1293","Kane Fitzgerald","BOS",714
"1294","Kane Fitzgerald","CHA",406
"1295","Kane Fitzgerald","CHI",461
"1296","Kane Fitzgerald","CLE",476
"1297","Kane Fitzgerald","DAL",612
"1298","Kane Fitzgerald","DEN",554
"1299","Kane Fitzgerald","DET",434
"1300","Kane Fitzgerald","GS",489
"1301","Kane Fitzgerald","HOU",515
"1302","Kane Fitzgerald","IND",666
"1303","Kane Fitzgerald","LAC",531
"1304","Kane Fitzgerald","LAL",488
"1305","Kane Fitzgerald","MEM",633
"1306","Kane Fitzgerald","MIA",493
"1307","Kane Fitzgerald","MIL",623
"1308","Kane Fitzgerald","MIN",488
"1309","Kane Fitzgerald","NO",503
"1310","Kane Fitzgerald","NY",685
"1311","Kane Fitzgerald","OKC",582
"1312","Kane Fitzgerald","ORL",509
"1313","Kane Fitzgerald","PHI",557
"1314","Kane Fitzgerald","PHO",549
"1315","Kane Fitzgerald","POR",477
"1316","Kane Fitzgerald","SA",407
"1317","Kane Fitzgerald","SAC",608
"1318","Kane Fitzgerald","TOR",507
"1319","Kane Fitzgerald","UTA",595
"1320","Kane Fitzgerald","WAS",622
"1321","Karl Lane","ATL",392
"1322","Karl Lane","BKN",482
"1323","Karl Lane","BOS",383
"1324","Karl Lane","CHA",392
"1325","Karl Lane","CHI",512
"1326","Karl Lane","CLE",498
"1327","Karl Lane","DAL",561
"1328","Karl Lane","DEN",510
"1329","Karl Lane","DET",486
"1330","Karl Lane","GS",559
"1331","Karl Lane","HOU",489
"1332","Karl Lane","IND",465
"1333","Karl Lane","LAC",486
"1334","Karl Lane","LAL",418
"1335","Karl Lane","MEM",457
"1336","Karl Lane","MIA",468
"1337","Karl Lane","MIL",446
"1338","Karl Lane","MIN",398
"1339","Karl Lane","NO",490
"1340","Karl Lane","NY",531
"1341","Karl Lane","OKC",444
"1342","Karl Lane","ORL",460
"1343","Karl Lane","PHI",439
"1344","Karl Lane","PHO",410
"1345","Karl Lane","POR",550
"1346","Karl Lane","SA",497
"1347","Karl Lane","SAC",441
"1348","Karl Lane","TOR",463
"1349","Karl Lane","UTA",331
"1350","Karl Lane","WAS",497
"1351","Ken Mauer","ATL",376
"1352","Ken Mauer","BKN",498
"1353","Ken Mauer","BOS",546
"1354","Ken Mauer","CHA",400
"1355","Ken Mauer","CHI",408
"1356","Ken Mauer","CLE",393
"1357","Ken Mauer","DAL",494
"1358","Ken Mauer","DEN",416
"1359","Ken Mauer","DET",465
"1360","Ken Mauer","GS",617
"1361","Ken Mauer","HOU",588
"1362","Ken Mauer","IND",481
"1363","Ken Mauer","LAC",646
"1364","Ken Mauer","LAL",513
"1365","Ken Mauer","MEM",555
"1366","Ken Mauer","MIA",556
"1367","Ken Mauer","MIL",430
"1368","Ken Mauer","MIN",488
"1369","Ken Mauer","NO",377
"1370","Ken Mauer","NY",457
"1371","Ken Mauer","OKC",619
"1372","Ken Mauer","ORL",465
"1373","Ken Mauer","PHI",374
"1374","Ken Mauer","PHO",564
"1375","Ken Mauer","POR",506
"1376","Ken Mauer","SA",437
"1377","Ken Mauer","SAC",576
"1378","Ken Mauer","TOR",531
"1379","Ken Mauer","UTA",369
"1380","Ken Mauer","WAS",565
"1381","Kevin Cutler","ATL",449
"1382","Kevin Cutler","BKN",463
"1383","Kevin Cutler","BOS",388
"1384","Kevin Cutler","CHA",419
"1385","Kevin Cutler","CHI",312
"1386","Kevin Cutler","CLE",408
"1387","Kevin Cutler","DAL",364
"1388","Kevin Cutler","DEN",618
"1389","Kevin Cutler","DET",418
"1390","Kevin Cutler","GS",598
"1391","Kevin Cutler","HOU",531
"1392","Kevin Cutler","IND",511
"1393","Kevin Cutler","LAC",637
"1394","Kevin Cutler","LAL",564
"1395","Kevin Cutler","MEM",406
"1396","Kevin Cutler","MIA",320
"1397","Kevin Cutler","MIL",535
"1398","Kevin Cutler","MIN",373
"1399","Kevin Cutler","NO",461
"1400","Kevin Cutler","NY",446
"1401","Kevin Cutler","OKC",361
"1402","Kevin Cutler","ORL",400
"1403","Kevin Cutler","PHI",396
"1404","Kevin Cutler","PHO",653
"1405","Kevin Cutler","POR",559
"1406","Kevin Cutler","SA",447
"1407","Kevin Cutler","SAC",620
"1408","Kevin Cutler","TOR",313
"1409","Kevin Cutler","UTA",528
"1410","Kevin Cutler","WAS",408
"1411","Kevin Fehr","ATL",102
"1412","Kevin Fehr","BKN",55
"1413","Kevin Fehr","BOS",44
"1414","Kevin Fehr","CHA",50
"1415","Kevin Fehr","CHI",99
"1416","Kevin Fehr","CLE",85
"1417","Kevin Fehr","DAL",63
"1418","Kevin Fehr","DEN",78
"1419","Kevin Fehr","DET",63
"1420","Kevin Fehr","GS",86
"1421","Kevin Fehr","HOU",60
"1422","Kevin Fehr","IND",27
"1423","Kevin Fehr","LAC",130
"1424","Kevin Fehr","LAL",85
"1425","Kevin Fehr","MEM",69
"1426","Kevin Fehr","MIA",48
"1427","Kevin Fehr","MIL",103
"1428","Kevin Fehr","MIN",61
"1429","Kevin Fehr","NO",64
"1430","Kevin Fehr","NY",49
"1431","Kevin Fehr","OKC",88
"1432","Kevin Fehr","ORL",86
"1433","Kevin Fehr","PHI",19
"1434","Kevin Fehr","PHO",60
"1435","Kevin Fehr","POR",103
"1436","Kevin Fehr","SA",69
"1437","Kevin Fehr","SAC",82
"1438","Kevin Fehr","TOR",133
"1439","Kevin Fehr","UTA",109
"1440","Kevin Fehr","WAS",61
"1441","Kevin Scott","ATL",396
"1442","Kevin Scott","BKN",430
"1443","Kevin Scott","BOS",573
"1444","Kevin Scott","CHA",425
"1445","Kevin Scott","CHI",503
"1446","Kevin Scott","CLE",355
"1447","Kevin Scott","DAL",515
"1448","Kevin Scott","DEN",472
"1449","Kevin Scott","DET",531
"1450","Kevin Scott","GS",449
"1451","Kevin Scott","HOU",498
"1452","Kevin Scott","IND",353
"1453","Kevin Scott","LAC",483
"1454","Kevin Scott","LAL",507
"1455","Kevin Scott","MEM",502
"1456","Kevin Scott","MIA",495
"1457","Kevin Scott","MIL",511
"1458","Kevin Scott","MIN",549
"1459","Kevin Scott","NO",505
"1460","Kevin Scott","NY",526
"1461","Kevin Scott","OKC",434
"1462","Kevin Scott","ORL",456
"1463","Kevin Scott","PHI",425
"1464","Kevin Scott","PHO",398
"1465","Kevin Scott","POR",371
"1466","Kevin Scott","SA",411
"1467","Kevin Scott","SAC",619
"1468","Kevin Scott","TOR",483
"1469","Kevin Scott","UTA",488
"1470","Kevin Scott","WAS",520
"1471","Kipp Kissinger","ATL",0
"1472","Kipp Kissinger","BKN",0
"1473","Kipp Kissinger","BOS",0
"1474","Kipp Kissinger","CHA",0
"1475","Kipp Kissinger","CHI",0
"1476","Kipp Kissinger","CLE",0
"1477","Kipp Kissinger","DAL",0
"1478","Kipp Kissinger","DEN",0
"1479","Kipp Kissinger","DET",0
"1480","Kipp Kissinger","GS",0
"1481","Kipp Kissinger","HOU",0
"1482","Kipp Kissinger","IND",19
"1483","Kipp Kissinger","LAC",0
"1484","Kipp Kissinger","LAL",0
"1485","Kipp Kissinger","MEM",0
"1486","Kipp Kissinger","MIA",0
"1487","Kipp Kissinger","MIL",19
"1488","Kipp Kissinger","MIN",0
"1489","Kipp Kissinger","NO",0
"1490","Kipp Kissinger","NY",0
"1491","Kipp Kissinger","OKC",0
"1492","Kipp Kissinger","ORL",0
"1493","Kipp Kissinger","PHI",18
"1494","Kipp Kissinger","PHO",0
"1495","Kipp Kissinger","POR",0
"1496","Kipp Kissinger","SA",0
"1497","Kipp Kissinger","SAC",0
"1498","Kipp Kissinger","TOR",0
"1499","Kipp Kissinger","UTA",18
"1500","Kipp Kissinger","WAS",0
"1501","Lauren Holtkamp","ATL",228
"1502","Lauren Holtkamp","BKN",324
"1503","Lauren Holtkamp","BOS",297
"1504","Lauren Holtkamp","CHA",327
"1505","Lauren Holtkamp","CHI",250
"1506","Lauren Holtkamp","CLE",339
"1507","Lauren Holtkamp","DAL",223
"1508","Lauren Holtkamp","DEN",321
"1509","Lauren Holtkamp","DET",379
"1510","Lauren Holtkamp","GS",245
"1511","Lauren Holtkamp","HOU",148
"1512","Lauren Holtkamp","IND",317
"1513","Lauren Holtkamp","LAC",223
"1514","Lauren Holtkamp","LAL",232
"1515","Lauren Holtkamp","MEM",180
"1516","Lauren Holtkamp","MIA",345
"1517","Lauren Holtkamp","MIL",402
"1518","Lauren Holtkamp","MIN",312
"1519","Lauren Holtkamp","NO",357
"1520","Lauren Holtkamp","NY",366
"1521","Lauren Holtkamp","OKC",319
"1522","Lauren Holtkamp","ORL",384
"1523","Lauren Holtkamp","PHI",384
"1524","Lauren Holtkamp","PHO",317
"1525","Lauren Holtkamp","POR",196
"1526","Lauren Holtkamp","SA",194
"1527","Lauren Holtkamp","SAC",353
"1528","Lauren Holtkamp","TOR",344
"1529","Lauren Holtkamp","UTA",239
"1530","Lauren Holtkamp","WAS",181
"1531","Leon Wood","ATL",416
"1532","Leon Wood","BKN",493
"1533","Leon Wood","BOS",413
"1534","Leon Wood","CHA",261
"1535","Leon Wood","CHI",379
"1536","Leon Wood","CLE",364
"1537","Leon Wood","DAL",517
"1538","Leon Wood","DEN",536
"1539","Leon Wood","DET",385
"1540","Leon Wood","GS",645
"1541","Leon Wood","HOU",511
"1542","Leon Wood","IND",377
"1543","Leon Wood","LAC",557
"1544","Leon Wood","LAL",522
"1545","Leon Wood","MEM",331
"1546","Leon Wood","MIA",485
"1547","Leon Wood","MIL",466
"1548","Leon Wood","MIN",339
"1549","Leon Wood","NO",429
"1550","Leon Wood","NY",435
"1551","Leon Wood","OKC",599
"1552","Leon Wood","ORL",415
"1553","Leon Wood","PHI",475
"1554","Leon Wood","PHO",517
"1555","Leon Wood","POR",482
"1556","Leon Wood","SA",314
"1557","Leon Wood","SAC",597
"1558","Leon Wood","TOR",490
"1559","Leon Wood","UTA",590
"1560","Leon Wood","WAS",525
"1561","Leroy Richardson","ATL",397
"1562","Leroy Richardson","BKN",544
"1563","Leroy Richardson","BOS",600
"1564","Leroy Richardson","CHA",436
"1565","Leroy Richardson","CHI",469
"1566","Leroy Richardson","CLE",496
"1567","Leroy Richardson","DAL",597
"1568","Leroy Richardson","DEN",492
"1569","Leroy Richardson","DET",507
"1570","Leroy Richardson","GS",399
"1571","Leroy Richardson","HOU",459
"1572","Leroy Richardson","IND",552
"1573","Leroy Richardson","LAC",418
"1574","Leroy Richardson","LAL",429
"1575","Leroy Richardson","MEM",519
"1576","Leroy Richardson","MIA",584
"1577","Leroy Richardson","MIL",503
"1578","Leroy Richardson","MIN",444
"1579","Leroy Richardson","NO",463
"1580","Leroy Richardson","NY",445
"1581","Leroy Richardson","OKC",544
"1582","Leroy Richardson","ORL",546
"1583","Leroy Richardson","PHI",491
"1584","Leroy Richardson","PHO",466
"1585","Leroy Richardson","POR",581
"1586","Leroy Richardson","SA",504
"1587","Leroy Richardson","SAC",491
"1588","Leroy Richardson","TOR",484
"1589","Leroy Richardson","UTA",419
"1590","Leroy Richardson","WAS",441
"1591","Marat Kogut","ATL",404
"1592","Marat Kogut","BKN",453
"1593","Marat Kogut","BOS",647
"1594","Marat Kogut","CHA",429
"1595","Marat Kogut","CHI",465
"1596","Marat Kogut","CLE",449
"1597","Marat Kogut","DAL",397
"1598","Marat Kogut","DEN",413
"1599","Marat Kogut","DET",349
"1600","Marat Kogut","GS",378
"1601","Marat Kogut","HOU",403
"1602","Marat Kogut","IND",593
"1603","Marat Kogut","LAC",366
"1604","Marat Kogut","LAL",457
"1605","Marat Kogut","MEM",546
"1606","Marat Kogut","MIA",343
"1607","Marat Kogut","MIL",413
"1608","Marat Kogut","MIN",420
"1609","Marat Kogut","NO",472
"1610","Marat Kogut","NY",614
"1611","Marat Kogut","OKC",455
"1612","Marat Kogut","ORL",533
"1613","Marat Kogut","PHI",551
"1614","Marat Kogut","PHO",417
"1615","Marat Kogut","POR",356
"1616","Marat Kogut","SA",367
"1617","Marat Kogut","SAC",523
"1618","Marat Kogut","TOR",665
"1619","Marat Kogut","UTA",308
"1620","Marat Kogut","WAS",601
"1621","Marc Davis","ATL",510
"1622","Marc Davis","BKN",514
"1623","Marc Davis","BOS",527
"1624","Marc Davis","CHA",358
"1625","Marc Davis","CHI",601
"1626","Marc Davis","CLE",405
"1627","Marc Davis","DAL",434
"1628","Marc Davis","DEN",666
"1629","Marc Davis","DET",345
"1630","Marc Davis","GS",535
"1631","Marc Davis","HOU",601
"1632","Marc Davis","IND",506
"1633","Marc Davis","LAC",639
"1634","Marc Davis","LAL",618
"1635","Marc Davis","MEM",514
"1636","Marc Davis","MIA",473
"1637","Marc Davis","MIL",455
"1638","Marc Davis","MIN",538
"1639","Marc Davis","NO",515
"1640","Marc Davis","NY",375
"1641","Marc Davis","OKC",621
"1642","Marc Davis","ORL",485
"1643","Marc Davis","PHI",448
"1644","Marc Davis","PHO",685
"1645","Marc Davis","POR",537
"1646","Marc Davis","SA",392
"1647","Marc Davis","SAC",551
"1648","Marc Davis","TOR",486
"1649","Marc Davis","UTA",496
"1650","Marc Davis","WAS",391
"1651","Mark Ayotte","ATL",455
"1652","Mark Ayotte","BKN",365
"1653","Mark Ayotte","BOS",421
"1654","Mark Ayotte","CHA",263
"1655","Mark Ayotte","CHI",474
"1656","Mark Ayotte","CLE",419
"1657","Mark Ayotte","DAL",356
"1658","Mark Ayotte","DEN",602
"1659","Mark Ayotte","DET",363
"1660","Mark Ayotte","GS",687
"1661","Mark Ayotte","HOU",492
"1662","Mark Ayotte","IND",501
"1663","Mark Ayotte","LAC",622
"1664","Mark Ayotte","LAL",719
"1665","Mark Ayotte","MEM",634
"1666","Mark Ayotte","MIA",421
"1667","Mark Ayotte","MIL",556
"1668","Mark Ayotte","MIN",442
"1669","Mark Ayotte","NO",536
"1670","Mark Ayotte","NY",441
"1671","Mark Ayotte","OKC",376
"1672","Mark Ayotte","ORL",432
"1673","Mark Ayotte","PHI",416
"1674","Mark Ayotte","PHO",749
"1675","Mark Ayotte","POR",624
"1676","Mark Ayotte","SA",353
"1677","Mark Ayotte","SAC",613
"1678","Mark Ayotte","TOR",484
"1679","Mark Ayotte","UTA",624
"1680","Mark Ayotte","WAS",512
"1681","Mark Lindsay","ATL",454
"1682","Mark Lindsay","BKN",505
"1683","Mark Lindsay","BOS",591
"1684","Mark Lindsay","CHA",474
"1685","Mark Lindsay","CHI",437
"1686","Mark Lindsay","CLE",500
"1687","Mark Lindsay","DAL",433
"1688","Mark Lindsay","DEN",577
"1689","Mark Lindsay","DET",495
"1690","Mark Lindsay","GS",467
"1691","Mark Lindsay","HOU",475
"1692","Mark Lindsay","IND",599
"1693","Mark Lindsay","LAC",529
"1694","Mark Lindsay","LAL",385
"1695","Mark Lindsay","MEM",582
"1696","Mark Lindsay","MIA",564
"1697","Mark Lindsay","MIL",575
"1698","Mark Lindsay","MIN",443
"1699","Mark Lindsay","NO",622
"1700","Mark Lindsay","NY",440
"1701","Mark Lindsay","OKC",416
"1702","Mark Lindsay","ORL",467
"1703","Mark Lindsay","PHI",755
"1704","Mark Lindsay","PHO",535
"1705","Mark Lindsay","POR",357
"1706","Mark Lindsay","SA",612
"1707","Mark Lindsay","SAC",406
"1708","Mark Lindsay","TOR",491
"1709","Mark Lindsay","UTA",565
"1710","Mark Lindsay","WAS",561
"1711","Matt Boland","ATL",297
"1712","Matt Boland","BKN",419
"1713","Matt Boland","BOS",441
"1714","Matt Boland","CHA",464
"1715","Matt Boland","CHI",416
"1716","Matt Boland","CLE",411
"1717","Matt Boland","DAL",480
"1718","Matt Boland","DEN",523
"1719","Matt Boland","DET",392
"1720","Matt Boland","GS",471
"1721","Matt Boland","HOU",444
"1722","Matt Boland","IND",444
"1723","Matt Boland","LAC",454
"1724","Matt Boland","LAL",610
"1725","Matt Boland","MEM",478
"1726","Matt Boland","MIA",428
"1727","Matt Boland","MIL",457
"1728","Matt Boland","MIN",360
"1729","Matt Boland","NO",454
"1730","Matt Boland","NY",449
"1731","Matt Boland","OKC",575
"1732","Matt Boland","ORL",409
"1733","Matt Boland","PHI",564
"1734","Matt Boland","PHO",782
"1735","Matt Boland","POR",410
"1736","Matt Boland","SA",329
"1737","Matt Boland","SAC",645
"1738","Matt Boland","TOR",544
"1739","Matt Boland","UTA",553
"1740","Matt Boland","WAS",489
"1741","Matt Myers","ATL",0
"1742","Matt Myers","BKN",0
"1743","Matt Myers","BOS",0
"1744","Matt Myers","CHA",21
"1745","Matt Myers","CHI",16
"1746","Matt Myers","CLE",13
"1747","Matt Myers","DAL",0
"1748","Matt Myers","DEN",0
"1749","Matt Myers","DET",0
"1750","Matt Myers","GS",0
"1751","Matt Myers","HOU",0
"1752","Matt Myers","IND",0
"1753","Matt Myers","LAC",0
"1754","Matt Myers","LAL",0
"1755","Matt Myers","MEM",0
"1756","Matt Myers","MIA",0
"1757","Matt Myers","MIL",18
"1758","Matt Myers","MIN",14
"1759","Matt Myers","NO",0
"1760","Matt Myers","NY",0
"1761","Matt Myers","OKC",0
"1762","Matt Myers","ORL",0
"1763","Matt Myers","PHI",0
"1764","Matt Myers","PHO",0
"1765","Matt Myers","POR",21
"1766","Matt Myers","SA",0
"1767","Matt Myers","SAC",0
"1768","Matt Myers","TOR",0
"1769","Matt Myers","UTA",0
"1770","Matt Myers","WAS",0
"1771","Michael Smith","ATL",702
"1772","Michael Smith","BKN",412
"1773","Michael Smith","BOS",327
"1774","Michael Smith","CHA",618
"1775","Michael Smith","CHI",604
"1776","Michael Smith","CLE",533
"1777","Michael Smith","DAL",529
"1778","Michael Smith","DEN",294
"1779","Michael Smith","DET",574
"1780","Michael Smith","GS",435
"1781","Michael Smith","HOU",525
"1782","Michael Smith","IND",507
"1783","Michael Smith","LAC",526
"1784","Michael Smith","LAL",482
"1785","Michael Smith","MEM",677
"1786","Michael Smith","MIA",539
"1787","Michael Smith","MIL",547
"1788","Michael Smith","MIN",510
"1789","Michael Smith","NO",440
"1790","Michael Smith","NY",543
"1791","Michael Smith","OKC",492
"1792","Michael Smith","ORL",568
"1793","Michael Smith","PHI",548
"1794","Michael Smith","PHO",449
"1795","Michael Smith","POR",195
"1796","Michael Smith","SA",401
"1797","Michael Smith","SAC",425
"1798","Michael Smith","TOR",702
"1799","Michael Smith","UTA",410
"1800","Michael Smith","WAS",548
"1801","Mike Callahan","ATL",448
"1802","Mike Callahan","BKN",340
"1803","Mike Callahan","BOS",632
"1804","Mike Callahan","CHA",328
"1805","Mike Callahan","CHI",422
"1806","Mike Callahan","CLE",554
"1807","Mike Callahan","DAL",502
"1808","Mike Callahan","DEN",361
"1809","Mike Callahan","DET",388
"1810","Mike Callahan","GS",484
"1811","Mike Callahan","HOU",528
"1812","Mike Callahan","IND",602
"1813","Mike Callahan","LAC",533
"1814","Mike Callahan","LAL",555
"1815","Mike Callahan","MEM",561
"1816","Mike Callahan","MIA",531
"1817","Mike Callahan","MIL",507
"1818","Mike Callahan","MIN",280
"1819","Mike Callahan","NO",361
"1820","Mike Callahan","NY",660
"1821","Mike Callahan","OKC",604
"1822","Mike Callahan","ORL",303
"1823","Mike Callahan","PHI",571
"1824","Mike Callahan","PHO",399
"1825","Mike Callahan","POR",438
"1826","Mike Callahan","SA",532
"1827","Mike Callahan","SAC",401
"1828","Mike Callahan","TOR",491
"1829","Mike Callahan","UTA",438
"1830","Mike Callahan","WAS",505
"1831","Mitchell Ervin","ATL",215
"1832","Mitchell Ervin","BKN",298
"1833","Mitchell Ervin","BOS",257
"1834","Mitchell Ervin","CHA",223
"1835","Mitchell Ervin","CHI",177
"1836","Mitchell Ervin","CLE",133
"1837","Mitchell Ervin","DAL",314
"1838","Mitchell Ervin","DEN",166
"1839","Mitchell Ervin","DET",266
"1840","Mitchell Ervin","GS",105
"1841","Mitchell Ervin","HOU",116
"1842","Mitchell Ervin","IND",248
"1843","Mitchell Ervin","LAC",184
"1844","Mitchell Ervin","LAL",119
"1845","Mitchell Ervin","MEM",310
"1846","Mitchell Ervin","MIA",206
"1847","Mitchell Ervin","MIL",203
"1848","Mitchell Ervin","MIN",100
"1849","Mitchell Ervin","NO",291
"1850","Mitchell Ervin","NY",204
"1851","Mitchell Ervin","OKC",184
"1852","Mitchell Ervin","ORL",204
"1853","Mitchell Ervin","PHI",312
"1854","Mitchell Ervin","PHO",211
"1855","Mitchell Ervin","POR",199
"1856","Mitchell Ervin","SA",107
"1857","Mitchell Ervin","SAC",240
"1858","Mitchell Ervin","TOR",280
"1859","Mitchell Ervin","UTA",186
"1860","Mitchell Ervin","WAS",303
"1861","Monty McCutchen","ATL",373
"1862","Monty McCutchen","BKN",394
"1863","Monty McCutchen","BOS",523
"1864","Monty McCutchen","CHA",363
"1865","Monty McCutchen","CHI",455
"1866","Monty McCutchen","CLE",561
"1867","Monty McCutchen","DAL",558
"1868","Monty McCutchen","DEN",514
"1869","Monty McCutchen","DET",438
"1870","Monty McCutchen","GS",522
"1871","Monty McCutchen","HOU",475
"1872","Monty McCutchen","IND",470
"1873","Monty McCutchen","LAC",560
"1874","Monty McCutchen","LAL",430
"1875","Monty McCutchen","MEM",331
"1876","Monty McCutchen","MIA",518
"1877","Monty McCutchen","MIL",281
"1878","Monty McCutchen","MIN",403
"1879","Monty McCutchen","NO",537
"1880","Monty McCutchen","NY",524
"1881","Monty McCutchen","OKC",624
"1882","Monty McCutchen","ORL",367
"1883","Monty McCutchen","PHI",424
"1884","Monty McCutchen","PHO",650
"1885","Monty McCutchen","POR",318
"1886","Monty McCutchen","SA",481
"1887","Monty McCutchen","SAC",428
"1888","Monty McCutchen","TOR",413
"1889","Monty McCutchen","UTA",464
"1890","Monty McCutchen","WAS",540
"1891","Nick Buchert","ATL",355
"1892","Nick Buchert","BKN",624
"1893","Nick Buchert","BOS",372
"1894","Nick Buchert","CHA",374
"1895","Nick Buchert","CHI",508
"1896","Nick Buchert","CLE",493
"1897","Nick Buchert","DAL",453
"1898","Nick Buchert","DEN",570
"1899","Nick Buchert","DET",546
"1900","Nick Buchert","GS",326
"1901","Nick Buchert","HOU",562
"1902","Nick Buchert","IND",442
"1903","Nick Buchert","LAC",427
"1904","Nick Buchert","LAL",424
"1905","Nick Buchert","MEM",516
"1906","Nick Buchert","MIA",456
"1907","Nick Buchert","MIL",517
"1908","Nick Buchert","MIN",459
"1909","Nick Buchert","NO",444
"1910","Nick Buchert","NY",595
"1911","Nick Buchert","OKC",612
"1912","Nick Buchert","ORL",377
"1913","Nick Buchert","PHI",562
"1914","Nick Buchert","PHO",614
"1915","Nick Buchert","POR",402
"1916","Nick Buchert","SA",556
"1917","Nick Buchert","SAC",350
"1918","Nick Buchert","TOR",461
"1919","Nick Buchert","UTA",320
"1920","Nick Buchert","WAS",546
"1921","Olandis Poole","ATL",123
"1922","Olandis Poole","BKN",79
"1923","Olandis Poole","BOS",236
"1924","Olandis Poole","CHA",143
"1925","Olandis Poole","CHI",153
"1926","Olandis Poole","CLE",148
"1927","Olandis Poole","DAL",123
"1928","Olandis Poole","DEN",140
"1929","Olandis Poole","DET",202
"1930","Olandis Poole","GS",79
"1931","Olandis Poole","HOU",166
"1932","Olandis Poole","IND",86
"1933","Olandis Poole","LAC",61
"1934","Olandis Poole","LAL",57
"1935","Olandis Poole","MEM",174
"1936","Olandis Poole","MIA",81
"1937","Olandis Poole","MIL",171
"1938","Olandis Poole","MIN",189
"1939","Olandis Poole","NO",271
"1940","Olandis Poole","NY",205
"1941","Olandis Poole","OKC",61
"1942","Olandis Poole","ORL",129
"1943","Olandis Poole","PHI",225
"1944","Olandis Poole","PHO",18
"1945","Olandis Poole","POR",57
"1946","Olandis Poole","SA",102
"1947","Olandis Poole","SAC",78
"1948","Olandis Poole","TOR",213
"1949","Olandis Poole","UTA",114
"1950","Olandis Poole","WAS",206
"1951","Pat Fraher","ATL",423
"1952","Pat Fraher","BKN",435
"1953","Pat Fraher","BOS",425
"1954","Pat Fraher","CHA",566
"1955","Pat Fraher","CHI",417
"1956","Pat Fraher","CLE",495
"1957","Pat Fraher","DAL",461
"1958","Pat Fraher","DEN",522
"1959","Pat Fraher","DET",398
"1960","Pat Fraher","GS",364
"1961","Pat Fraher","HOU",545
"1962","Pat Fraher","IND",627
"1963","Pat Fraher","LAC",539
"1964","Pat Fraher","LAL",396
"1965","Pat Fraher","MEM",539
"1966","Pat Fraher","MIA",417
"1967","Pat Fraher","MIL",596
"1968","Pat Fraher","MIN",453
"1969","Pat Fraher","NO",487
"1970","Pat Fraher","NY",551
"1971","Pat Fraher","OKC",550
"1972","Pat Fraher","ORL",478
"1973","Pat Fraher","PHI",632
"1974","Pat Fraher","PHO",493
"1975","Pat Fraher","POR",534
"1976","Pat Fraher","SA",523
"1977","Pat Fraher","SAC",552
"1978","Pat Fraher","TOR",527
"1979","Pat Fraher","UTA",404
"1980","Pat Fraher","WAS",484
"1981","Phenizee Ransom","ATL",34
"1982","Phenizee Ransom","BKN",0
"1983","Phenizee Ransom","BOS",0
"1984","Phenizee Ransom","CHA",16
"1985","Phenizee Ransom","CHI",29
"1986","Phenizee Ransom","CLE",0
"1987","Phenizee Ransom","DAL",12
"1988","Phenizee Ransom","DEN",19
"1989","Phenizee Ransom","DET",0
"1990","Phenizee Ransom","GS",0
"1991","Phenizee Ransom","HOU",0
"1992","Phenizee Ransom","IND",17
"1993","Phenizee Ransom","LAC",22
"1994","Phenizee Ransom","LAL",19
"1995","Phenizee Ransom","MEM",0
"1996","Phenizee Ransom","MIA",23
"1997","Phenizee Ransom","MIL",49
"1998","Phenizee Ransom","MIN",19
"1999","Phenizee Ransom","NO",0
"2000","Phenizee Ransom","NY",0
"2001","Phenizee Ransom","OKC",0
"2002","Phenizee Ransom","ORL",27
"2003","Phenizee Ransom","PHI",21
"2004","Phenizee Ransom","PHO",21
"2005","Phenizee Ransom","POR",17
"2006","Phenizee Ransom","SA",0
"2007","Phenizee Ransom","SAC",40
"2008","Phenizee Ransom","TOR",0
"2009","Phenizee Ransom","UTA",0
"2010","Phenizee Ransom","WAS",17
"2011","Randy Richardson","ATL",0
"2012","Randy Richardson","BKN",14
"2013","Randy Richardson","BOS",0
"2014","Randy Richardson","CHA",0
"2015","Randy Richardson","CHI",19
"2016","Randy Richardson","CLE",0
"2017","Randy Richardson","DAL",0
"2018","Randy Richardson","DEN",0
"2019","Randy Richardson","DET",0
"2020","Randy Richardson","GS",0
"2021","Randy Richardson","HOU",0
"2022","Randy Richardson","IND",0
"2023","Randy Richardson","LAC",22
"2024","Randy Richardson","LAL",20
"2025","Randy Richardson","MEM",26
"2026","Randy Richardson","MIA",0
"2027","Randy Richardson","MIL",0
"2028","Randy Richardson","MIN",13
"2029","Randy Richardson","NO",9
"2030","Randy Richardson","NY",0
"2031","Randy Richardson","OKC",0
"2032","Randy Richardson","ORL",16
"2033","Randy Richardson","PHI",0
"2034","Randy Richardson","PHO",22
"2035","Randy Richardson","POR",10
"2036","Randy Richardson","SA",0
"2037","Randy Richardson","SAC",0
"2038","Randy Richardson","TOR",16
"2039","Randy Richardson","UTA",23
"2040","Randy Richardson","WAS",0
"2041","Ray Acosta","ATL",104
"2042","Ray Acosta","BKN",97
"2043","Ray Acosta","BOS",32
"2044","Ray Acosta","CHA",46
"2045","Ray Acosta","CHI",76
"2046","Ray Acosta","CLE",37
"2047","Ray Acosta","DAL",44
"2048","Ray Acosta","DEN",49
"2049","Ray Acosta","DET",78
"2050","Ray Acosta","GS",23
"2051","Ray Acosta","HOU",0
"2052","Ray Acosta","IND",20
"2053","Ray Acosta","LAC",41
"2054","Ray Acosta","LAL",42
"2055","Ray Acosta","MEM",21
"2056","Ray Acosta","MIA",91
"2057","Ray Acosta","MIL",62
"2058","Ray Acosta","MIN",0
"2059","Ray Acosta","NO",44
"2060","Ray Acosta","NY",76
"2061","Ray Acosta","OKC",43
"2062","Ray Acosta","ORL",75
"2063","Ray Acosta","PHI",41
"2064","Ray Acosta","PHO",19
"2065","Ray Acosta","POR",0
"2066","Ray Acosta","SA",0
"2067","Ray Acosta","SAC",0
"2068","Ray Acosta","TOR",80
"2069","Ray Acosta","UTA",70
"2070","Ray Acosta","WAS",46
"2071","Rodney Mott","ATL",414
"2072","Rodney Mott","BKN",439
"2073","Rodney Mott","BOS",458
"2074","Rodney Mott","CHA",454
"2075","Rodney Mott","CHI",358
"2076","Rodney Mott","CLE",375
"2077","Rodney Mott","DAL",430
"2078","Rodney Mott","DEN",566
"2079","Rodney Mott","DET",524
"2080","Rodney Mott","GS",459
"2081","Rodney Mott","HOU",394
"2082","Rodney Mott","IND",323
"2083","Rodney Mott","LAC",505
"2084","Rodney Mott","LAL",462
"2085","Rodney Mott","MEM",450
"2086","Rodney Mott","MIA",426
"2087","Rodney Mott","MIL",394
"2088","Rodney Mott","MIN",273
"2089","Rodney Mott","NO",490
"2090","Rodney Mott","NY",296
"2091","Rodney Mott","OKC",263
"2092","Rodney Mott","ORL",266
"2093","Rodney Mott","PHI",495
"2094","Rodney Mott","PHO",593
"2095","Rodney Mott","POR",468
"2096","Rodney Mott","SA",355
"2097","Rodney Mott","SAC",516
"2098","Rodney Mott","TOR",286
"2099","Rodney Mott","UTA",571
"2100","Rodney Mott","WAS",484
"2101","Ron Garretson","ATL",412
"2102","Ron Garretson","BKN",421
"2103","Ron Garretson","BOS",265
"2104","Ron Garretson","CHA",438
"2105","Ron Garretson","CHI",417
"2106","Ron Garretson","CLE",382
"2107","Ron Garretson","DAL",473
"2108","Ron Garretson","DEN",603
"2109","Ron Garretson","DET",341
"2110","Ron Garretson","GS",609
"2111","Ron Garretson","HOU",391
"2112","Ron Garretson","IND",457
"2113","Ron Garretson","LAC",501
"2114","Ron Garretson","LAL",597
"2115","Ron Garretson","MEM",535
"2116","Ron Garretson","MIA",334
"2117","Ron Garretson","MIL",357
"2118","Ron Garretson","MIN",455
"2119","Ron Garretson","NO",462
"2120","Ron Garretson","NY",494
"2121","Ron Garretson","OKC",442
"2122","Ron Garretson","ORL",438
"2123","Ron Garretson","PHI",513
"2124","Ron Garretson","PHO",648
"2125","Ron Garretson","POR",565
"2126","Ron Garretson","SA",400
"2127","Ron Garretson","SAC",600
"2128","Ron Garretson","TOR",459
"2129","Ron Garretson","UTA",491
"2130","Ron Garretson","WAS",385
"2131","Scott Bolnick","ATL",20
"2132","Scott Bolnick","BKN",18
"2133","Scott Bolnick","BOS",24
"2134","Scott Bolnick","CHA",27
"2135","Scott Bolnick","CHI",14
"2136","Scott Bolnick","CLE",22
"2137","Scott Bolnick","DAL",0
"2138","Scott Bolnick","DEN",24
"2139","Scott Bolnick","DET",0
"2140","Scott Bolnick","GS",0
"2141","Scott Bolnick","HOU",23
"2142","Scott Bolnick","IND",23
"2143","Scott Bolnick","LAC",0
"2144","Scott Bolnick","LAL",0
"2145","Scott Bolnick","MEM",0
"2146","Scott Bolnick","MIA",0
"2147","Scott Bolnick","MIL",0
"2148","Scott Bolnick","MIN",41
"2149","Scott Bolnick","NO",0
"2150","Scott Bolnick","NY",0
"2151","Scott Bolnick","OKC",0
"2152","Scott Bolnick","ORL",0
"2153","Scott Bolnick","PHI",24
"2154","Scott Bolnick","PHO",0
"2155","Scott Bolnick","POR",0
"2156","Scott Bolnick","SA",37
"2157","Scott Bolnick","SAC",0
"2158","Scott Bolnick","TOR",0
"2159","Scott Bolnick","UTA",0
"2160","Scott Bolnick","WAS",51
"2161","Scott Foster","ATL",489
"2162","Scott Foster","BKN",540
"2163","Scott Foster","BOS",427
"2164","Scott Foster","CHA",503
"2165","Scott Foster","CHI",690
"2166","Scott Foster","CLE",654
"2167","Scott Foster","DAL",718
"2168","Scott Foster","DEN",619
"2169","Scott Foster","DET",377
"2170","Scott Foster","GS",684
"2171","Scott Foster","HOU",553
"2172","Scott Foster","IND",660
"2173","Scott Foster","LAC",572
"2174","Scott Foster","LAL",549
"2175","Scott Foster","MEM",347
"2176","Scott Foster","MIA",670
"2177","Scott Foster","MIL",618
"2178","Scott Foster","MIN",412
"2179","Scott Foster","NO",512
"2180","Scott Foster","NY",535
"2181","Scott Foster","OKC",548
"2182","Scott Foster","ORL",542
"2183","Scott Foster","PHI",568
"2184","Scott Foster","PHO",629
"2185","Scott Foster","POR",466
"2186","Scott Foster","SA",495
"2187","Scott Foster","SAC",493
"2188","Scott Foster","TOR",471
"2189","Scott Foster","UTA",584
"2190","Scott Foster","WAS",560
"2191","Scott Twardoski","ATL",429
"2192","Scott Twardoski","BKN",304
"2193","Scott Twardoski","BOS",426
"2194","Scott Twardoski","CHA",425
"2195","Scott Twardoski","CHI",382
"2196","Scott Twardoski","CLE",427
"2197","Scott Twardoski","DAL",453
"2198","Scott Twardoski","DEN",526
"2199","Scott Twardoski","DET",388
"2200","Scott Twardoski","GS",470
"2201","Scott Twardoski","HOU",378
"2202","Scott Twardoski","IND",287
"2203","Scott Twardoski","LAC",378
"2204","Scott Twardoski","LAL",548
"2205","Scott Twardoski","MEM",600
"2206","Scott Twardoski","MIA",401
"2207","Scott Twardoski","MIL",471
"2208","Scott Twardoski","MIN",407
"2209","Scott Twardoski","NO",368
"2210","Scott Twardoski","NY",358
"2211","Scott Twardoski","OKC",356
"2212","Scott Twardoski","ORL",489
"2213","Scott Twardoski","PHI",421
"2214","Scott Twardoski","PHO",777
"2215","Scott Twardoski","POR",421
"2216","Scott Twardoski","SA",314
"2217","Scott Twardoski","SAC",593
"2218","Scott Twardoski","TOR",477
"2219","Scott Twardoski","UTA",493
"2220","Scott Twardoski","WAS",507
"2221","Scott Wall","ATL",417
"2222","Scott Wall","BKN",453
"2223","Scott Wall","BOS",554
"2224","Scott Wall","CHA",377
"2225","Scott Wall","CHI",399
"2226","Scott Wall","CLE",258
"2227","Scott Wall","DAL",389
"2228","Scott Wall","DEN",481
"2229","Scott Wall","DET",341
"2230","Scott Wall","GS",377
"2231","Scott Wall","HOU",418
"2232","Scott Wall","IND",478
"2233","Scott Wall","LAC",434
"2234","Scott Wall","LAL",428
"2235","Scott Wall","MEM",570
"2236","Scott Wall","MIA",557
"2237","Scott Wall","MIL",495
"2238","Scott Wall","MIN",529
"2239","Scott Wall","NO",396
"2240","Scott Wall","NY",375
"2241","Scott Wall","OKC",444
"2242","Scott Wall","ORL",636
"2243","Scott Wall","PHI",556
"2244","Scott Wall","PHO",533
"2245","Scott Wall","POR",389
"2246","Scott Wall","SA",426
"2247","Scott Wall","SAC",518
"2248","Scott Wall","TOR",518
"2249","Scott Wall","UTA",484
"2250","Scott Wall","WAS",606
"2251","Sean Corbin","ATL",370
"2252","Sean Corbin","BKN",399
"2253","Sean Corbin","BOS",607
"2254","Sean Corbin","CHA",530
"2255","Sean Corbin","CHI",455
"2256","Sean Corbin","CLE",378
"2257","Sean Corbin","DAL",529
"2258","Sean Corbin","DEN",314
"2259","Sean Corbin","DET",485
"2260","Sean Corbin","GS",372
"2261","Sean Corbin","HOU",553
"2262","Sean Corbin","IND",521
"2263","Sean Corbin","LAC",459
"2264","Sean Corbin","LAL",423
"2265","Sean Corbin","MEM",539
"2266","Sean Corbin","MIA",521
"2267","Sean Corbin","MIL",354
"2268","Sean Corbin","MIN",396
"2269","Sean Corbin","NO",467
"2270","Sean Corbin","NY",564
"2271","Sean Corbin","OKC",496
"2272","Sean Corbin","ORL",544
"2273","Sean Corbin","PHI",513
"2274","Sean Corbin","PHO",476
"2275","Sean Corbin","POR",424
"2276","Sean Corbin","SA",439
"2277","Sean Corbin","SAC",414
"2278","Sean Corbin","TOR",707
"2279","Sean Corbin","UTA",450
"2280","Sean Corbin","WAS",564
"2281","Sean Wright","ATL",533
"2282","Sean Wright","BKN",494
"2283","Sean Wright","BOS",585
"2284","Sean Wright","CHA",406
"2285","Sean Wright","CHI",457
"2286","Sean Wright","CLE",484
"2287","Sean Wright","DAL",526
"2288","Sean Wright","DEN",571
"2289","Sean Wright","DET",327
"2290","Sean Wright","GS",495
"2291","Sean Wright","HOU",558
"2292","Sean Wright","IND",271
"2293","Sean Wright","LAC",604
"2294","Sean Wright","LAL",349
"2295","Sean Wright","MEM",663
"2296","Sean Wright","MIA",518
"2297","Sean Wright","MIL",631
"2298","Sean Wright","MIN",470
"2299","Sean Wright","NO",503
"2300","Sean Wright","NY",555
"2301","Sean Wright","OKC",626
"2302","Sean Wright","ORL",509
"2303","Sean Wright","PHI",571
"2304","Sean Wright","PHO",618
"2305","Sean Wright","POR",421
"2306","Sean Wright","SA",455
"2307","Sean Wright","SAC",606
"2308","Sean Wright","TOR",577
"2309","Sean Wright","UTA",502
"2310","Sean Wright","WAS",437
"2311","SirAllen Conner","ATL",0
"2312","SirAllen Conner","BKN",0
"2313","SirAllen Conner","BOS",0
"2314","SirAllen Conner","CHA",0
"2315","SirAllen Conner","CHI",0
"2316","SirAllen Conner","CLE",43
"2317","SirAllen Conner","DAL",0
"2318","SirAllen Conner","DEN",0
"2319","SirAllen Conner","DET",16
"2320","SirAllen Conner","GS",0
"2321","SirAllen Conner","HOU",0
"2322","SirAllen Conner","IND",12
"2323","SirAllen Conner","LAC",0
"2324","SirAllen Conner","LAL",0
"2325","SirAllen Conner","MEM",15
"2326","SirAllen Conner","MIA",0
"2327","SirAllen Conner","MIL",0
"2328","SirAllen Conner","MIN",0
"2329","SirAllen Conner","NO",0
"2330","SirAllen Conner","NY",0
"2331","SirAllen Conner","OKC",0
"2332","SirAllen Conner","ORL",0
"2333","SirAllen Conner","PHI",0
"2334","SirAllen Conner","PHO",0
"2335","SirAllen Conner","POR",15
"2336","SirAllen Conner","SA",0
"2337","SirAllen Conner","SAC",0
"2338","SirAllen Conner","TOR",0
"2339","SirAllen Conner","UTA",0
"2340","SirAllen Conner","WAS",0
"2341","Steven Anderson","ATL",321
"2342","Steven Anderson","BKN",386
"2343","Steven Anderson","BOS",476
"2344","Steven Anderson","CHA",299
"2345","Steven Anderson","CHI",222
"2346","Steven Anderson","CLE",292
"2347","Steven Anderson","DAL",211
"2348","Steven Anderson","DEN",360
"2349","Steven Anderson","DET",186
"2350","Steven Anderson","GS",245
"2351","Steven Anderson","HOU",250
"2352","Steven Anderson","IND",182
"2353","Steven Anderson","LAC",100
"2354","Steven Anderson","LAL",243
"2355","Steven Anderson","MEM",279
"2356","Steven Anderson","MIA",316
"2357","Steven Anderson","MIL",355
"2358","Steven Anderson","MIN",328
"2359","Steven Anderson","NO",264
"2360","Steven Anderson","NY",240
"2361","Steven Anderson","OKC",176
"2362","Steven Anderson","ORL",259
"2363","Steven Anderson","PHI",456
"2364","Steven Anderson","PHO",233
"2365","Steven Anderson","POR",288
"2366","Steven Anderson","SA",247
"2367","Steven Anderson","SAC",361
"2368","Steven Anderson","TOR",288
"2369","Steven Anderson","UTA",261
"2370","Steven Anderson","WAS",180
"2371","Tom Washington","ATL",414
"2372","Tom Washington","BKN",472
"2373","Tom Washington","BOS",502
"2374","Tom Washington","CHA",480
"2375","Tom Washington","CHI",346
"2376","Tom Washington","CLE",499
"2377","Tom Washington","DAL",622
"2378","Tom Washington","DEN",675
"2379","Tom Washington","DET",512
"2380","Tom Washington","GS",526
"2381","Tom Washington","HOU",488
"2382","Tom Washington","IND",543
"2383","Tom Washington","LAC",455
"2384","Tom Washington","LAL",430
"2385","Tom Washington","MEM",483
"2386","Tom Washington","MIA",571
"2387","Tom Washington","MIL",618
"2388","Tom Washington","MIN",655
"2389","Tom Washington","NO",677
"2390","Tom Washington","NY",428
"2391","Tom Washington","OKC",515
"2392","Tom Washington","ORL",745
"2393","Tom Washington","PHI",348
"2394","Tom Washington","PHO",624
"2395","Tom Washington","POR",421
"2396","Tom Washington","SA",448
"2397","Tom Washington","SAC",546
"2398","Tom Washington","TOR",591
"2399","Tom Washington","UTA",536
"2400","Tom Washington","WAS",604
"2401","Tony Brothers","ATL",535
"2402","Tony Brothers","BKN",477
"2403","Tony Brothers","BOS",566
"2404","Tony Brothers","CHA",327
"2405","Tony Brothers","CHI",494
"2406","Tony Brothers","CLE",458
"2407","Tony Brothers","DAL",613
"2408","Tony Brothers","DEN",473
"2409","Tony Brothers","DET",411
"2410","Tony Brothers","GS",555
"2411","Tony Brothers","HOU",471
"2412","Tony Brothers","IND",661
"2413","Tony Brothers","LAC",387
"2414","Tony Brothers","LAL",430
"2415","Tony Brothers","MEM",538
"2416","Tony Brothers","MIA",504
"2417","Tony Brothers","MIL",397
"2418","Tony Brothers","MIN",521
"2419","Tony Brothers","NO",481
"2420","Tony Brothers","NY",582
"2421","Tony Brothers","OKC",435
"2422","Tony Brothers","ORL",418
"2423","Tony Brothers","PHI",631
"2424","Tony Brothers","PHO",531
"2425","Tony Brothers","POR",543
"2426","Tony Brothers","SA",475
"2427","Tony Brothers","SAC",457
"2428","Tony Brothers","TOR",603
"2429","Tony Brothers","UTA",513
"2430","Tony Brothers","WAS",522
"2431","Tony Brown","ATL",495
"2432","Tony Brown","BKN",458
"2433","Tony Brown","BOS",635
"2434","Tony Brown","CHA",478
"2435","Tony Brown","CHI",428
"2436","Tony Brown","CLE",471
"2437","Tony Brown","DAL",371
"2438","Tony Brown","DEN",454
"2439","Tony Brown","DET",508
"2440","Tony Brown","GS",469
"2441","Tony Brown","HOU",449
"2442","Tony Brown","IND",553
"2443","Tony Brown","LAC",533
"2444","Tony Brown","LAL",430
"2445","Tony Brown","MEM",606
"2446","Tony Brown","MIA",365
"2447","Tony Brown","MIL",477
"2448","Tony Brown","MIN",536
"2449","Tony Brown","NO",497
"2450","Tony Brown","NY",635
"2451","Tony Brown","OKC",464
"2452","Tony Brown","ORL",579
"2453","Tony Brown","PHI",592
"2454","Tony Brown","PHO",397
"2455","Tony Brown","POR",492
"2456","Tony Brown","SA",467
"2457","Tony Brown","SAC",432
"2458","Tony Brown","TOR",536
"2459","Tony Brown","UTA",490
"2460","Tony Brown","WAS",527
"2461","Tre Maddox","ATL",405
"2462","Tre Maddox","BKN",374
"2463","Tre Maddox","BOS",341
"2464","Tre Maddox","CHA",335
"2465","Tre Maddox","CHI",399
"2466","Tre Maddox","CLE",472
"2467","Tre Maddox","DAL",420
"2468","Tre Maddox","DEN",606
"2469","Tre Maddox","DET",426
"2470","Tre Maddox","GS",614
"2471","Tre Maddox","HOU",514
"2472","Tre Maddox","IND",359
"2473","Tre Maddox","LAC",468
"2474","Tre Maddox","LAL",501
"2475","Tre Maddox","MEM",473
"2476","Tre Maddox","MIA",315
"2477","Tre Maddox","MIL",346
"2478","Tre Maddox","MIN",473
"2479","Tre Maddox","NO",521
"2480","Tre Maddox","NY",329
"2481","Tre Maddox","OKC",421
"2482","Tre Maddox","ORL",434
"2483","Tre Maddox","PHI",432
"2484","Tre Maddox","PHO",703
"2485","Tre Maddox","POR",580
"2486","Tre Maddox","SA",312
"2487","Tre Maddox","SAC",595
"2488","Tre Maddox","TOR",398
"2489","Tre Maddox","UTA",559
"2490","Tre Maddox","WAS",574
"2491","Tyler Ford","ATL",206
"2492","Tyler Ford","BKN",318
"2493","Tyler Ford","BOS",260
"2494","Tyler Ford","CHA",198
"2495","Tyler Ford","CHI",275
"2496","Tyler Ford","CLE",190
"2497","Tyler Ford","DAL",159
"2498","Tyler Ford","DEN",88
"2499","Tyler Ford","DET",183
"2500","Tyler Ford","GS",151
"2501","Tyler Ford","HOU",285
"2502","Tyler Ford","IND",282
"2503","Tyler Ford","LAC",224
"2504","Tyler Ford","LAL",231
"2505","Tyler Ford","MEM",257
"2506","Tyler Ford","MIA",267
"2507","Tyler Ford","MIL",326
"2508","Tyler Ford","MIN",177
"2509","Tyler Ford","NO",228
"2510","Tyler Ford","NY",376
"2511","Tyler Ford","OKC",231
"2512","Tyler Ford","ORL",291
"2513","Tyler Ford","PHI",328
"2514","Tyler Ford","PHO",197
"2515","Tyler Ford","POR",266
"2516","Tyler Ford","SA",205
"2517","Tyler Ford","SAC",166
"2518","Tyler Ford","TOR",301
"2519","Tyler Ford","UTA",315
"2520","Tyler Ford","WAS",279
"2521","Violet Palmer","ATL",159
"2522","Violet Palmer","BKN",204
"2523","Violet Palmer","BOS",143
"2524","Violet Palmer","CHA",235
"2525","Violet Palmer","CHI",147
"2526","Violet Palmer","CLE",140
"2527","Violet Palmer","DAL",101
"2528","Violet Palmer","DEN",255
"2529","Violet Palmer","DET",177
"2530","Violet Palmer","GS",170
"2531","Violet Palmer","HOU",145
"2532","Violet Palmer","IND",157
"2533","Violet Palmer","LAC",162
"2534","Violet Palmer","LAL",219
"2535","Violet Palmer","MEM",94
"2536","Violet Palmer","MIA",136
"2537","Violet Palmer","MIL",202
"2538","Violet Palmer","MIN",172
"2539","Violet Palmer","NO",129
"2540","Violet Palmer","NY",186
"2541","Violet Palmer","OKC",171
"2542","Violet Palmer","ORL",254
"2543","Violet Palmer","PHI",258
"2544","Violet Palmer","PHO",180
"2545","Violet Palmer","POR",169
"2546","Violet Palmer","SA",66
"2547","Violet Palmer","SAC",306
"2548","Violet Palmer","TOR",233
"2549","Violet Palmer","UTA",219
"2550","Violet Palmer","WAS",179
"2551","Vladimir Voyard-Tadal","ATL",17
"2552","Vladimir Voyard-Tadal","BKN",0
"2553","Vladimir Voyard-Tadal","BOS",50
"2554","Vladimir Voyard-Tadal","CHA",0
"2555","Vladimir Voyard-Tadal","CHI",19
"2556","Vladimir Voyard-Tadal","CLE",0
"2557","Vladimir Voyard-Tadal","DAL",0
"2558","Vladimir Voyard-Tadal","DEN",31
"2559","Vladimir Voyard-Tadal","DET",16
"2560","Vladimir Voyard-Tadal","GS",0
"2561","Vladimir Voyard-Tadal","HOU",0
"2562","Vladimir Voyard-Tadal","IND",16
"2563","Vladimir Voyard-Tadal","LAC",26
"2564","Vladimir Voyard-Tadal","LAL",0
"2565","Vladimir Voyard-Tadal","MEM",0
"2566","Vladimir Voyard-Tadal","MIA",19
"2567","Vladimir Voyard-Tadal","MIL",44
"2568","Vladimir Voyard-Tadal","MIN",17
"2569","Vladimir Voyard-Tadal","NO",21
"2570","Vladimir Voyard-Tadal","NY",50
"2571","Vladimir Voyard-Tadal","OKC",0
"2572","Vladimir Voyard-Tadal","ORL",19
"2573","Vladimir Voyard-Tadal","PHI",52
"2574","Vladimir Voyard-Tadal","PHO",25
"2575","Vladimir Voyard-Tadal","POR",43
"2576","Vladimir Voyard-Tadal","SA",0
"2577","Vladimir Voyard-Tadal","SAC",18
"2578","Vladimir Voyard-Tadal","TOR",0
"2579","Vladimir Voyard-Tadal","UTA",0
"2580","Vladimir Voyard-Tadal","WAS",26
"2581","Zach Zarba","ATL",592
"2582","Zach Zarba","BKN",617
"2583","Zach Zarba","BOS",588
"2584","Zach Zarba","CHA",590
"2585","Zach Zarba","CHI",606
"2586","Zach Zarba","CLE",574
"2587","Zach Zarba","DAL",498
"2588","Zach Zarba","DEN",428
"2589","Zach Zarba","DET",518
"2590","Zach Zarba","GS",445
"2591","Zach Zarba","HOU",700
"2592","Zach Zarba","IND",642
"2593","Zach Zarba","LAC",636
"2594","Zach Zarba","LAL",485
"2595","Zach Zarba","MEM",490
"2596","Zach Zarba","MIA",495
"2597","Zach Zarba","MIL",584
"2598","Zach Zarba","MIN",545
"2599","Zach Zarba","NO",586
"2600","Zach Zarba","NY",597
"2601","Zach Zarba","OKC",525
"2602","Zach Zarba","ORL",430
"2603","Zach Zarba","PHI",532
"2604","Zach Zarba","PHO",534
"2605","Zach Zarba","POR",468
"2606","Zach Zarba","SA",417
"2607","Zach Zarba","SAC",512
"2608","Zach Zarba","TOR",497
"2609","Zach Zarba","UTA",535
"2610","Zach Zarba","WAS",703
